,rank,combined_key,name,year,city,state,country,bats,throws,team_signed,team_locale,team_locale_county,position,contract_start,contract_end,contract_length,total_salary,age,team_played,league,games,war,actual_salary,league_r,bats_r,throws_r,team_sr,team_pr,position_r
10,5,"Francisco Lindor, 2022",Francisco Lindor,2022,"Caguas, Puerto Rico",,Puerto Rico,S,R,NYM,"Flushing, Queens","Queens, New York",SS,2022,2031,10,341000000,28,NYM,NL,161,5.5,34100000.0,1,2,0,17,17,6
11,5,"Francisco Lindor, 2023",Francisco Lindor,2023,"Caguas, Puerto Rico",,Puerto Rico,S,R,NYM,"Flushing, Queens","Queens, New York",SS,2022,2031,10,341000000,29,NYM,NL,117,4.6,34100000.0,1,2,0,17,17,6
12,6,"Fernando Tatis Jr., 2021",Fernando Tatis Jr.,2021,San Pedro de Macorís,,Dominican Republic,R,R,SDP,"San Diego, California","San Diego, California",RF,2021,2034,14,340000000,22,SDP,NL,130,6.6,1714286.0,1,0,0,22,22,9
13,6,"Fernando Tatis Jr., 2023",Fernando Tatis Jr.,2023,San Pedro de Macorís,,Dominican Republic,R,R,SDP,"San Diego, California","San Diego, California",RF,2021,2034,14,340000000,24,SDP,NL,99,4.2,7714285.0,1,0,0,22,22,9
34,11,"Rafael Devers, 2023",Rafael Devers,2023,"Sánchez, Dominican Republic",,Dominican Republic,L,R,BOS,"Boston, Massachusetts","Suffolk, Massachusetts",3B,2023,2033,10,313500000,26,BOS,AL,111,2.5,17500000.0,0,1,0,3,3,5
41,14,"Xander Bogaerts, 2023",Xander Bogaerts,2023,"Oranjestad, Aruba",,Aruba,R,R,SDP,"San Diego, California","San Diego, California",SS,2023,2033,11,280000000,30,SDP,NL,113,2.8,25454545.0,1,0,0,22,22,6
65,18,"Miguel Cabrera, 2016",Miguel Cabrera,2016,Maracay,,Venezuela,R,R,DET,"Detroit, Michigan","Wayne, Michigan",DH,2016,2025,8,248000000,33,DET,AL,158,5.1,28000000.0,0,0,0,9,9,10
66,18,"Miguel Cabrera, 2017",Miguel Cabrera,2017,Maracay,,Venezuela,R,R,DET,"Detroit, Michigan","Wayne, Michigan",DH,2016,2025,8,248000000,34,DET,AL,130,-0.9,28000000.0,0,0,0,9,9,10
67,18,"Miguel Cabrera, 2018",Miguel Cabrera,2018,Maracay,,Venezuela,R,R,DET,"Detroit, Michigan","Wayne, Michigan",DH,2016,2025,8,248000000,35,DET,AL,38,0.2,30000000.0,0,0,0,9,9,10
68,18,"Miguel Cabrera, 2019",Miguel Cabrera,2019,Maracay,,Venezuela,R,R,DET,"Detroit, Michigan","Wayne, Michigan",DH,2016,2025,8,248000000,36,DET,AL,136,0.0,30000000.0,0,0,0,9,9,10
69,18,"Miguel Cabrera, 2020",Miguel Cabrera,2020,Maracay,,Venezuela,R,R,DET,"Detroit, Michigan","Wayne, Michigan",DH,2016,2025,8,248000000,37,DET,AL,57,0.1,30000000.0,0,0,0,9,9,10
70,18,"Miguel Cabrera, 2021",Miguel Cabrera,2021,Maracay,,Venezuela,R,R,DET,"Detroit, Michigan","Wayne, Michigan",DH,2016,2025,8,248000000,38,DET,AL,130,-0.6,30000000.0,0,0,0,9,9,10
71,18,"Miguel Cabrera, 2022",Miguel Cabrera,2022,Maracay,,Venezuela,R,R,DET,"Detroit, Michigan","Wayne, Michigan",DH,2016,2025,8,248000000,39,DET,AL,112,-1.0,32000000.0,0,0,0,9,9,10
72,18,"Miguel Cabrera, 2023",Miguel Cabrera,2023,Maracay,,Venezuela,R,R,DET,"Detroit, Michigan","Wayne, Michigan",DH,2016,2025,8,248000000,40,DET,AL,69,-0.2,32000000.0,0,0,0,9,9,10
80,21,"Albert Pujols, 2012",Albert Pujols,2012,Santo Domingo,,Dominican Republic,R,R,LAA,"Anaheim, California","Orange, California",DH,2012,2021,10,240000000,32,LAA,AL,154,4.8,12000000.0,0,0,0,12,12,10
81,21,"Albert Pujols, 2013",Albert Pujols,2013,Santo Domingo,,Dominican Republic,R,R,LAA,"Anaheim, California","Orange, California",DH,2012,2021,10,240000000,33,LAA,AL,99,1.6,16000000.0,0,0,0,12,12,10
82,21,"Albert Pujols, 2014",Albert Pujols,2014,Santo Domingo,,Dominican Republic,R,R,LAA,"Anaheim, California","Orange, California",DH,2012,2021,10,240000000,34,LAA,AL,159,3.9,23000000.0,0,0,0,12,12,10
83,21,"Albert Pujols, 2015",Albert Pujols,2015,Santo Domingo,,Dominican Republic,R,R,LAA,"Anaheim, California","Orange, California",DH,2012,2021,10,240000000,35,LAA,AL,157,3.0,24000000.0,0,0,0,12,12,10
84,21,"Albert Pujols, 2016",Albert Pujols,2016,Santo Domingo,,Dominican Republic,R,R,LAA,"Anaheim, California","Orange, California",DH,2012,2021,10,240000000,36,LAA,AL,152,1.5,25000000.0,0,0,0,12,12,10
85,21,"Albert Pujols, 2017",Albert Pujols,2017,Santo Domingo,,Dominican Republic,R,R,LAA,"Anaheim, California","Orange, California",DH,2012,2021,10,240000000,37,LAA,AL,149,-1.8,26000000.0,0,0,0,12,12,10
86,21,"Albert Pujols, 2018",Albert Pujols,2018,Santo Domingo,,Dominican Republic,R,R,LAA,"Anaheim, California","Orange, California",DH,2012,2021,10,240000000,38,LAA,AL,117,0.3,27000000.0,0,0,0,12,12,10
87,21,"Albert Pujols, 2019",Albert Pujols,2019,Santo Domingo,,Dominican Republic,R,R,LAA,"Anaheim, California","Orange, California",DH,2012,2021,10,240000000,39,LAA,AL,131,0.3,28000000.0,0,0,0,12,12,10
88,21,"Albert Pujols, 2020",Albert Pujols,2020,Santo Domingo,,Dominican Republic,R,R,LAA,"Anaheim, California","Orange, California",DH,2012,2021,10,240000000,40,LAA,AL,39,0.0,29000000.0,0,0,0,12,12,10
89,21,"Albert Pujols, 2021",Albert Pujols,2021,Santo Domingo,,Dominican Republic,R,R,LAA,"Anaheim, California","Orange, California",DH,2012,2021,10,240000000,41,LAA,AL,24,-0.7,30000000.0,0,0,0,12,12,10
90,21,"Albert Pujols, 2021",Albert Pujols,2021,Santo Domingo,,Dominican Republic,R,R,LAA,"Anaheim, California","Orange, California",DH,2012,2021,10,240000000,41,LAD,NL,85,0.0,0.0,1,0,0,12,13,10
91,21,"Robinson Cano, 2014",Robinson Cano,2014,San Pedro de Macorís,,Dominican Republic,L,R,SEA,"Seattle, Washington","King, Washington",DH,2014,2023,10,240000000,31,SEA,AL,157,6.3,24000000.0,0,1,0,23,23,10
92,21,"Robinson Cano, 2015",Robinson Cano,2015,San Pedro de Macorís,,Dominican Republic,L,R,SEA,"Seattle, Washington","King, Washington",DH,2014,2023,10,240000000,32,SEA,AL,156,3.5,24000000.0,0,1,0,23,23,10
93,21,"Robinson Cano, 2016",Robinson Cano,2016,San Pedro de Macorís,,Dominican Republic,L,R,SEA,"Seattle, Washington","King, Washington",DH,2014,2023,10,240000000,33,SEA,AL,161,7.3,24000000.0,0,1,0,23,23,10
94,21,"Robinson Cano, 2017",Robinson Cano,2017,San Pedro de Macorís,,Dominican Republic,L,R,SEA,"Seattle, Washington","King, Washington",DH,2014,2023,10,240000000,34,SEA,AL,150,2.9,24000000.0,0,1,0,23,23,10
95,21,"Robinson Cano, 2018",Robinson Cano,2018,San Pedro de Macorís,,Dominican Republic,L,R,SEA,"Seattle, Washington","King, Washington",DH,2014,2023,10,240000000,35,SEA,AL,80,3.4,12258065.0,0,1,0,23,23,10
96,21,"Robinson Cano, 2019",Robinson Cano,2019,San Pedro de Macorís,,Dominican Republic,L,R,SEA,"Seattle, Washington","King, Washington",DH,2014,2023,10,240000000,36,NYM,NL,107,0.6,24000000.0,1,1,0,23,17,10
97,21,"Robinson Cano, 2020",Robinson Cano,2020,San Pedro de Macorís,,Dominican Republic,L,R,SEA,"Seattle, Washington","King, Washington",DH,2014,2023,10,240000000,37,NYM,NL,49,1.1,24000000.0,1,1,0,23,17,10
98,21,"Robinson Cano, 2022",Robinson Cano,2022,San Pedro de Macorís,,Dominican Republic,L,R,SEA,"Seattle, Washington","King, Washington",DH,2014,2023,10,240000000,39,NYM,NL,12,-0.5,0.0,1,1,0,23,17,10
99,21,"Robinson Cano, 2022",Robinson Cano,2022,San Pedro de Macorís,,Dominican Republic,L,R,SEA,"Seattle, Washington","King, Washington",DH,2014,2023,10,240000000,39,SDP,NL,12,-0.5,561538.0,1,1,0,23,22,10
100,21,"Robinson Cano, 2022",Robinson Cano,2022,San Pedro de Macorís,,Dominican Republic,L,R,SEA,"Seattle, Washington","King, Washington",DH,2014,2023,10,240000000,39,ATL,NL,9,-0.4,0.0,1,1,0,23,1,10
101,23,"Joey Votto, 2014",Joey Votto,2014,Toronto,,Canada,L,R,CIN,"Cincinnati, Ohio","Hamilton, Ohio",1B,2014,2024,10,225000000,30,CIN,NL,62,1.7,12000000.0,1,1,0,6,6,3
102,23,"Joey Votto, 2015",Joey Votto,2015,Toronto,,Canada,L,R,CIN,"Cincinnati, Ohio","Hamilton, Ohio",2B,2014,2024,10,225000000,31,CIN,NL,158,7.8,14000000.0,1,1,0,6,6,4
103,23,"Joey Votto, 2016",Joey Votto,2016,Toronto,,Canada,L,R,CIN,"Cincinnati, Ohio","Hamilton, Ohio",3B,2014,2024,10,225000000,32,CIN,NL,158,4.2,20000000.0,1,1,0,6,6,5
104,23,"Joey Votto, 2017",Joey Votto,2017,Toronto,,Canada,L,R,CIN,"Cincinnati, Ohio","Hamilton, Ohio",1B,2014,2024,10,225000000,33,CIN,NL,162,8.1,22000000.0,1,1,0,6,6,3
105,23,"Joey Votto, 2018",Joey Votto,2018,Toronto,,Canada,L,R,CIN,"Cincinnati, Ohio","Hamilton, Ohio",1B,2014,2024,10,225000000,34,CIN,NL,145,3.6,25000000.0,1,1,0,6,6,3
106,23,"Joey Votto, 2019",Joey Votto,2019,Toronto,,Canada,L,R,CIN,"Cincinnati, Ohio","Hamilton, Ohio",1B,2014,2024,10,225000000,35,CIN,NL,142,1.4,25000000.0,1,1,0,6,6,3
107,23,"Joey Votto, 2020",Joey Votto,2020,Toronto,,Canada,L,R,CIN,"Cincinnati, Ohio","Hamilton, Ohio",1B,2014,2024,10,225000000,36,CIN,NL,54,0.0,25000000.0,1,1,0,6,6,3
108,23,"Joey Votto, 2021",Joey Votto,2021,Toronto,,Canada,L,R,CIN,"Cincinnati, Ohio","Hamilton, Ohio",1B,2014,2024,10,225000000,37,CIN,NL,129,3.7,25000000.0,1,1,0,6,6,3
109,23,"Joey Votto, 2022",Joey Votto,2022,Toronto,,Canada,L,R,CIN,"Cincinnati, Ohio","Hamilton, Ohio",1B,2014,2024,10,225000000,38,CIN,NL,91,-0.3,25000000.0,1,1,0,6,6,3
110,23,"Joey Votto, 2023",Joey Votto,2023,Toronto,,Canada,L,R,CIN,"Cincinnati, Ohio","Hamilton, Ohio",1B,2014,2024,10,225000000,39,CIN,NL,44,0.4,25000000.0,1,1,0,6,6,3
123,26,"Prince Fielder, 2012",Prince Fielder,2012,Ontario,,Canada,L,R,DET,"Detroit, Michigan","Wayne, Michigan",DH,2012,2020,9,214000000,28,DET,AL,162,4.7,23000000.0,0,1,0,9,9,10
124,26,"Prince Fielder, 2013",Prince Fielder,2013,Ontario,,Canada,L,R,DET,"Detroit, Michigan","Wayne, Michigan",DH,2012,2020,9,214000000,29,DET,AL,162,2.2,23000000.0,0,1,0,9,9,10
125,26,"Prince Fielder, 2014",Prince Fielder,2014,Ontario,,Canada,L,R,DET,"Detroit, Michigan","Wayne, Michigan",DH,2012,2020,9,214000000,30,TEX,AL,42,-0.3,24000000.0,0,1,0,9,27,10
126,26,"Prince Fielder, 2015",Prince Fielder,2015,Ontario,,Canada,L,R,DET,"Detroit, Michigan","Wayne, Michigan",DH,2012,2020,9,214000000,31,TEX,AL,158,2.0,24000000.0,0,1,0,9,27,10
127,26,"Prince Fielder, 2016",Prince Fielder,2016,Ontario,,Canada,L,R,DET,"Detroit, Michigan","Wayne, Michigan",DH,2012,2020,9,214000000,32,TEX,AL,89,-1.6,24000000.0,0,1,0,9,27,10
137,29,"Julio Rodriguez, 2023",Julio Rodriguez,2023,Loma de Cabrera,,Dominican Republic,R,R,SEA,"Seattle, Washington","King, Washington",CF,2023,2034,12,209300000,22,SEA,AL,115,3.6,6185715.0,0,0,0,23,23,8
145,31,"Carlos Correa, 2023",Carlos Correa,2023,"Ponce, Puerto Rico",,Puerto Rico,R,R,MIN,"Minneapolis, Minnesota","Hennepin, Minnesota",SS,2023,2032,6,200000000,28,MIN,AL,107,1.2,33333333.0,0,0,0,16,16,6
179,37,"Wander Franco, 2022",Wander Franco,2022,Baní,,Dominican Republic,S,R,TBR,"St. Petersburg, Florida","Pinellas, Florida",SS,2022,2033,11,182000000,21,TBR,AL,83,2.6,1454545.0,0,2,0,26,26,6
180,37,"Wander Franco, 2023",Wander Franco,2023,Baní,,Dominican Republic,S,R,TBR,"St. Petersburg, Florida","Pinellas, Florida",SS,2022,2033,11,182000000,22,TBR,AL,112,5.5,2454546.0,0,2,0,26,26,6
202,42,"Felix Hernandez, 2013",Felix Hernandez,2013,Valencia,,Venezuela,R,R,SEA,"Seattle, Washington","King, Washington",SP,2013,2019,7,175000000,27,SEA,AL,31,5.1,19857000.0,0,0,0,23,23,1
203,42,"Felix Hernandez, 2014",Felix Hernandez,2014,Valencia,,Venezuela,R,R,SEA,"Seattle, Washington","King, Washington",SP,2013,2019,7,175000000,28,SEA,AL,34,6.4,22857000.0,0,0,0,23,23,1
204,42,"Felix Hernandez, 2015",Felix Hernandez,2015,Valencia,,Venezuela,R,R,SEA,"Seattle, Washington","King, Washington",SP,2013,2019,7,175000000,29,SEA,AL,31,4.6,24857000.0,0,0,0,23,23,1
205,42,"Felix Hernandez, 2016",Felix Hernandez,2016,Valencia,,Venezuela,R,R,SEA,"Seattle, Washington","King, Washington",SP,2013,2019,7,175000000,30,SEA,AL,25,1.3,25857000.0,0,0,0,23,23,1
206,42,"Felix Hernandez, 2017",Felix Hernandez,2017,Valencia,,Venezuela,R,R,SEA,"Seattle, Washington","King, Washington",SP,2013,2019,7,175000000,31,SEA,AL,16,0.7,26857000.0,0,0,0,23,23,1
207,42,"Felix Hernandez, 2018",Felix Hernandez,2018,Valencia,,Venezuela,R,R,SEA,"Seattle, Washington","King, Washington",SP,2013,2019,7,175000000,32,SEA,AL,29,-1.3,26857000.0,0,0,0,23,23,1
208,42,"Felix Hernandez, 2019",Felix Hernandez,2019,Valencia,,Venezuela,R,R,SEA,"Seattle, Washington","King, Washington",SP,2013,2019,7,175000000,33,SEA,AL,15,-0.8,27858000.0,0,0,0,23,23,1
224,47,"Jose Altuve, 2018",Jose Altuve,2018,Puerto Cabello,,Venezuela,R,R,HOU,"Houston, Texas","Harris, Texas",2B,2018,2024,7,163500000,28,HOU,AL,137,5.1,9000000.0,0,0,0,10,10,4
225,47,"Jose Altuve, 2019",Jose Altuve,2019,Puerto Cabello,,Venezuela,R,R,HOU,"Houston, Texas","Harris, Texas",3B,2018,2024,7,163500000,29,HOU,AL,124,3.8,9500000.0,0,0,0,10,10,5
226,47,"Jose Altuve, 2020",Jose Altuve,2020,Puerto Cabello,,Venezuela,R,R,HOU,"Houston, Texas","Harris, Texas",2B,2018,2024,7,163500000,30,HOU,AL,48,-0.2,29000000.0,0,0,0,10,10,4
227,47,"Jose Altuve, 2021",Jose Altuve,2021,Puerto Cabello,,Venezuela,R,R,HOU,"Houston, Texas","Harris, Texas",2B,2018,2024,7,163500000,31,HOU,AL,146,4.5,29000000.0,0,0,0,10,10,4
228,47,"Jose Altuve, 2022",Jose Altuve,2022,Puerto Cabello,,Venezuela,R,R,HOU,"Houston, Texas","Harris, Texas",2B,2018,2024,7,163500000,32,HOU,AL,141,5.1,29000000.0,0,0,0,10,10,4
229,47,"Jose Altuve, 2023",Jose Altuve,2023,Puerto Cabello,,Venezuela,R,R,HOU,"Houston, Texas","Harris, Texas",2B,2018,2024,7,163500000,33,HOU,AL,49,2.1,29000000.0,0,0,0,10,10,4
246,53,"Manny Ramirez, 2001",Manny Ramirez,2001,Santo Domingo,,Dominican Republic,R,R,BOS,"Boston, Massachusetts","Suffolk, Massachusetts",LF,2001,2008,8,160000000,29,BOS,AL,142,5.2,13050000.0,0,0,0,3,3,7
247,53,"Manny Ramirez, 2002",Manny Ramirez,2002,Santo Domingo,,Dominican Republic,R,R,BOS,"Boston, Massachusetts","Suffolk, Massachusetts",LF,2001,2008,8,160000000,30,BOS,AL,120,6.0,15462727.0,0,0,0,3,3,7
248,53,"Manny Ramirez, 2003",Manny Ramirez,2003,Santo Domingo,,Dominican Republic,R,R,BOS,"Boston, Massachusetts","Suffolk, Massachusetts",LF,2001,2008,8,160000000,31,BOS,AL,154,5.4,20000000.0,0,0,0,3,3,7
249,53,"Manny Ramirez, 2004",Manny Ramirez,2004,Santo Domingo,,Dominican Republic,R,R,BOS,"Boston, Massachusetts","Suffolk, Massachusetts",LF,2001,2008,8,160000000,32,BOS,AL,152,4.1,22500000.0,0,0,0,3,3,7
250,53,"Manny Ramirez, 2005",Manny Ramirez,2005,Santo Domingo,,Dominican Republic,R,R,BOS,"Boston, Massachusetts","Suffolk, Massachusetts",LF,2001,2008,8,160000000,33,BOS,AL,152,4.4,22000000.0,0,0,0,3,3,7
251,53,"Manny Ramirez, 2006",Manny Ramirez,2006,Santo Domingo,,Dominican Republic,R,R,BOS,"Boston, Massachusetts","Suffolk, Massachusetts",LF,2001,2008,8,160000000,34,BOS,AL,130,4.5,18279238.0,0,0,0,3,3,7
252,53,"Manny Ramirez, 2007",Manny Ramirez,2007,Santo Domingo,,Dominican Republic,R,R,BOS,"Boston, Massachusetts","Suffolk, Massachusetts",LF,2001,2008,8,160000000,35,BOS,AL,133,1.1,17016381.0,0,0,0,3,3,7
253,53,"Manny Ramirez, 2008",Manny Ramirez,2008,Santo Domingo,,Dominican Republic,R,R,BOS,"Boston, Massachusetts","Suffolk, Massachusetts",LF,2001,2008,8,160000000,36,BOS,AL,100,2.5,18929923.0,0,0,0,3,3,7
254,53,"Manny Ramirez, 2008",Manny Ramirez,2008,Santo Domingo,,Dominican Republic,R,R,BOS,"Boston, Massachusetts","Suffolk, Massachusetts",LF,2001,2008,8,160000000,36,LAD,NL,53,3.5,0.0,1,0,0,3,13,7
281,56,"Masahiro Tanaka, 2014",Masahiro Tanaka,2014,Itami,,Japan,R,R,NYY,The Bronx,"Bronx, New York",SP,2014,2020,7,155000000,25,NYY,AL,20,3.1,22000000.0,0,0,0,18,18,1
282,56,"Masahiro Tanaka, 2015",Masahiro Tanaka,2015,Itami,,Japan,R,R,NYY,The Bronx,"Bronx, New York",SP,2014,2020,7,155000000,26,NYY,AL,24,3.1,22000000.0,0,0,0,18,18,1
283,56,"Masahiro Tanaka, 2016",Masahiro Tanaka,2016,Itami,,Japan,R,R,NYY,The Bronx,"Bronx, New York",SP,2014,2020,7,155000000,27,NYY,AL,31,5.2,22000000.0,0,0,0,18,18,1
284,56,"Masahiro Tanaka, 2017",Masahiro Tanaka,2017,Itami,,Japan,R,R,NYY,The Bronx,"Bronx, New York",SP,2014,2020,7,155000000,28,NYY,AL,30,1.1,22000000.0,0,0,0,18,18,1
285,56,"Masahiro Tanaka, 2018",Masahiro Tanaka,2018,Itami,,Japan,R,R,NYY,The Bronx,"Bronx, New York",SP,2014,2020,7,155000000,29,NYY,AL,27,2.3,22000000.0,0,0,0,18,18,1
286,56,"Masahiro Tanaka, 2019",Masahiro Tanaka,2019,Itami,,Japan,R,R,NYY,The Bronx,"Bronx, New York",SP,2014,2020,7,155000000,30,NYY,AL,32,1.9,22000000.0,0,0,0,18,18,1
287,56,"Masahiro Tanaka, 2020",Masahiro Tanaka,2020,Itami,,Japan,R,R,NYY,The Bronx,"Bronx, New York",SP,2014,2020,7,155000000,31,NYY,AL,10,0.7,23000000.0,0,0,0,18,18,1
300,60,"Miguel Cabrera, 2008",Miguel Cabrera,2008,Maracay,,Venezuela,R,R,DET,"Detroit, Michigan","Wayne, Michigan",DH,2008,2015,8,152300000,25,DET,AL,160,2.7,11300000.0,0,0,0,9,9,10
301,60,"Miguel Cabrera, 2009",Miguel Cabrera,2009,Maracay,,Venezuela,R,R,DET,"Detroit, Michigan","Wayne, Michigan",DH,2008,2015,8,152300000,26,DET,AL,160,5.1,14383049.0,0,0,0,9,9,10
302,60,"Miguel Cabrera, 2010",Miguel Cabrera,2010,Maracay,,Venezuela,R,R,DET,"Detroit, Michigan","Wayne, Michigan",DH,2008,2015,8,152300000,27,DET,AL,150,6.5,20000000.0,0,0,0,9,9,10
303,60,"Miguel Cabrera, 2011",Miguel Cabrera,2011,Maracay,,Venezuela,R,R,DET,"Detroit, Michigan","Wayne, Michigan",DH,2008,2015,8,152300000,28,DET,AL,161,7.6,20000000.0,0,0,0,9,9,10
304,60,"Miguel Cabrera, 2012",Miguel Cabrera,2012,Maracay,,Venezuela,R,R,DET,"Detroit, Michigan","Wayne, Michigan",DH,2008,2015,8,152300000,29,DET,AL,161,7.1,21000000.0,0,0,0,9,9,10
305,60,"Miguel Cabrera, 2013",Miguel Cabrera,2013,Maracay,,Venezuela,R,R,DET,"Detroit, Michigan","Wayne, Michigan",DH,2008,2015,8,152300000,30,DET,AL,148,7.5,21000000.0,0,0,0,9,9,10
306,60,"Miguel Cabrera, 2014",Miguel Cabrera,2014,Maracay,,Venezuela,R,R,DET,"Detroit, Michigan","Wayne, Michigan",DH,2008,2015,8,152300000,31,DET,AL,159,5.1,22000000.0,0,0,0,9,9,10
307,60,"Miguel Cabrera, 2015",Miguel Cabrera,2015,Maracay,,Venezuela,R,R,DET,"Detroit, Michigan","Wayne, Michigan",DH,2008,2015,8,152300000,32,DET,AL,119,4.9,22000000.0,0,0,0,9,9,10
348,68,"Jose Ramirez, 2022",Jose Ramirez,2022,Baní,,Dominican Republic,S,R,CLE,"Cleveland, Ohio","Cuyahoga, Ohio",3B,2022,2028,7,141000000,29,CLE,AL,157,6.0,22000000.0,0,2,0,7,7,5
349,68,"Jose Ramirez, 2023",Jose Ramirez,2023,Baní,,Dominican Republic,S,R,CLE,"Cleveland, Ohio","Cuyahoga, Ohio",3B,2022,2028,7,141000000,30,CLE,AL,113,4.1,14000000.0,0,2,0,7,7,5
350,69,"Javier Baez, 2022",Javier Baez,2022,"Bayamón, Puerto Rico",,Puerto Rico,R,R,DET,"Detroit, Michigan","Wayne, Michigan",SS,2022,2027,6,140000000,29,DET,AL,144,2.6,20000000.0,0,0,0,9,9,6
351,69,"Javier Baez, 2023",Javier Baez,2023,"Bayamón, Puerto Rico",,Puerto Rico,R,R,DET,"Detroit, Michigan","Wayne, Michigan",SS,2022,2027,6,140000000,30,DET,AL,109,0.3,22000000.0,0,0,0,9,9,6
369,73,"Johan Santana, 2008",Johan Santana,2008,"Tovar Municipality, Mérida",,Venezuela,L,L,NYM,"Flushing, Queens","Queens, New York",SP,2008,2013,6,137500000,29,NYM,NL,34,7.1,16984216.0,1,1,1,17,17,1
370,73,"Johan Santana, 2009",Johan Santana,2009,"Tovar Municipality, Mérida",,Venezuela,L,L,NYM,"Flushing, Queens","Queens, New York",SP,2008,2013,6,137500000,30,NYM,NL,25,3.3,18876139.0,1,1,1,17,17,1
371,73,"Johan Santana, 2010",Johan Santana,2010,"Tovar Municipality, Mérida",,Venezuela,L,L,NYM,"Flushing, Queens","Queens, New York",SP,2008,2013,6,137500000,31,NYM,NL,29,4.7,20144707.0,1,1,1,17,17,1
372,73,"Johan Santana, 2012",Johan Santana,2012,"Tovar Municipality, Mérida",,Venezuela,L,L,NYM,"Flushing, Queens","Queens, New York",SP,2008,2013,6,137500000,33,NYM,NL,21,0.1,24000000.0,1,1,1,17,17,1
373,75,"Alfonso Soriano, 2007",Alfonso Soriano,2007,San Pedro de Macorís,,Dominican Republic,R,R,CHC,"Chicago, Illinois","Cook, Illinois",DH,2007,2014,8,136000000,31,CHC,NL,135,4.3,10000000.0,1,0,0,4,4,10
374,75,"Alfonso Soriano, 2008",Alfonso Soriano,2008,San Pedro de Macorís,,Dominican Republic,R,R,CHC,"Chicago, Illinois","Cook, Illinois",DH,2007,2014,8,136000000,32,CHC,NL,109,2.0,14000000.0,1,0,0,4,4,10
375,75,"Alfonso Soriano, 2009",Alfonso Soriano,2009,San Pedro de Macorís,,Dominican Republic,R,R,CHC,"Chicago, Illinois","Cook, Illinois",DH,2007,2014,8,136000000,33,CHC,NL,117,-1.6,17000000.0,1,0,0,4,4,10
376,75,"Alfonso Soriano, 2010",Alfonso Soriano,2010,San Pedro de Macorís,,Dominican Republic,R,R,CHC,"Chicago, Illinois","Cook, Illinois",DH,2007,2014,8,136000000,34,CHC,NL,147,0.8,19000000.0,1,0,0,4,4,10
377,75,"Alfonso Soriano, 2011",Alfonso Soriano,2011,San Pedro de Macorís,,Dominican Republic,R,R,CHC,"Chicago, Illinois","Cook, Illinois",DH,2007,2014,8,136000000,35,CHC,NL,137,0.0,19000000.0,1,0,0,4,4,10
378,75,"Alfonso Soriano, 2012",Alfonso Soriano,2012,San Pedro de Macorís,,Dominican Republic,R,R,CHC,"Chicago, Illinois","Cook, Illinois",DH,2007,2014,8,136000000,36,CHC,NL,151,1.9,18000000.0,1,0,0,4,4,10
379,75,"Alfonso Soriano, 2013",Alfonso Soriano,2013,San Pedro de Macorís,,Dominican Republic,R,R,CHC,"Chicago, Illinois","Cook, Illinois",DH,2007,2014,8,136000000,37,CHC,NL,93,0.9,0.0,1,0,0,4,4,10
380,75,"Alfonso Soriano, 2013",Alfonso Soriano,2013,San Pedro de Macorís,,Dominican Republic,R,R,CHC,"Chicago, Illinois","Cook, Illinois",DH,2007,2014,8,136000000,37,NYY,AL,58,2.1,18000000.0,0,0,0,4,18,10
381,75,"Alfonso Soriano, 2014",Alfonso Soriano,2014,San Pedro de Macorís,,Dominican Republic,R,R,CHC,"Chicago, Illinois","Cook, Illinois",DH,2007,2014,8,136000000,38,NYY,AL,67,-1.2,18000000.0,0,0,0,4,18,10
397,78,"Jose Berrios, 2022",Jose Berrios,2022,"Bayamón, Puerto Rico",,Puerto Rico,R,R,TOR,"Toronto, Canada","Niagara, New York",SP,2022,2028,7,131000000,28,TOR,AL,32,-0.6,10714286.0,0,0,0,28,28,1
398,78,"Jose Berrios, 2023",Jose Berrios,2023,"Bayamón, Puerto Rico",,Puerto Rico,R,R,TOR,"Toronto, Canada","Niagara, New York",SP,2022,2028,7,131000000,29,TOR,AL,24,1.7,15714285.0,0,0,0,28,28,1
399,79,"Johnny Cueto, 2016",Johnny Cueto,2016,San Pedro de Macorís,,Dominican Republic,R,R,SFG,"San Francisco, California","San Francisco, California",SP,2016,2022,6,130000000,30,SFG,NL,32,5.5,15833333.0,1,0,0,24,24,1
400,79,"Johnny Cueto, 2017",Johnny Cueto,2017,San Pedro de Macorís,,Dominican Republic,R,R,SFG,"San Francisco, California","San Francisco, California",SP,2016,2022,6,130000000,31,SFG,NL,25,2.0,21833333.0,1,0,0,24,24,1
401,79,"Johnny Cueto, 2018",Johnny Cueto,2018,San Pedro de Macorís,,Dominican Republic,R,R,SFG,"San Francisco, California","San Francisco, California",SP,2016,2022,6,130000000,32,SFG,NL,9,1.4,21833333.0,1,0,0,24,24,1
402,79,"Johnny Cueto, 2019",Johnny Cueto,2019,San Pedro de Macorís,,Dominican Republic,R,R,SFG,"San Francisco, California","San Francisco, California",SP,2016,2022,6,130000000,33,SFG,NL,4,0.1,21833333.0,1,0,0,24,24,1
403,79,"Johnny Cueto, 2020",Johnny Cueto,2020,San Pedro de Macorís,,Dominican Republic,R,R,SFG,"San Francisco, California","San Francisco, California",SP,2016,2022,6,130000000,34,SFG,NL,12,0.1,21833334.0,1,0,0,24,24,1
404,79,"Johnny Cueto, 2021",Johnny Cueto,2021,San Pedro de Macorís,,Dominican Republic,R,R,SFG,"San Francisco, California","San Francisco, California",SP,2016,2022,6,130000000,35,SFG,NL,22,0.9,21833334.0,1,0,0,24,24,1
405,79,"Johnny Cueto, 2022",Johnny Cueto,2022,San Pedro de Macorís,,Dominican Republic,R,R,SFG,"San Francisco, California","San Francisco, California",SP,2016,2022,6,130000000,36,CHW,AL,25,3.5,0.0,0,0,0,24,5,1
413,79,"Shin-Soo Choo, 2014",Shin-Soo Choo,2014,Busan,,South Korea,L,L,TEX,"Arlington, Texas","Tarrant, Texas",DH,2014,2020,7,130000000,31,TEX,AL,123,0.0,14000000.0,0,1,1,27,27,10
414,79,"Shin-Soo Choo, 2015",Shin-Soo Choo,2015,Busan,,South Korea,L,L,TEX,"Arlington, Texas","Tarrant, Texas",DH,2014,2020,7,130000000,32,TEX,AL,149,3.2,14000000.0,0,1,1,27,27,10
415,79,"Shin-Soo Choo, 2016",Shin-Soo Choo,2016,Busan,,South Korea,L,L,TEX,"Arlington, Texas","Tarrant, Texas",DH,2014,2020,7,130000000,33,TEX,AL,48,0.2,20000000.0,0,1,1,27,27,10
416,79,"Shin-Soo Choo, 2017",Shin-Soo Choo,2017,Busan,,South Korea,L,L,TEX,"Arlington, Texas","Tarrant, Texas",DH,2014,2020,7,130000000,34,TEX,AL,149,0.8,20000000.0,0,1,1,27,27,10
417,79,"Shin-Soo Choo, 2018",Shin-Soo Choo,2018,Busan,,South Korea,L,L,TEX,"Arlington, Texas","Tarrant, Texas",DH,2014,2020,7,130000000,35,TEX,AL,146,2.7,20000000.0,0,1,1,27,27,10
418,79,"Shin-Soo Choo, 2019",Shin-Soo Choo,2019,Busan,,South Korea,L,L,TEX,"Arlington, Texas","Tarrant, Texas",DH,2014,2020,7,130000000,36,TEX,AL,151,1.6,21000000.0,0,1,1,27,27,10
419,79,"Shin-Soo Choo, 2020",Shin-Soo Choo,2020,Busan,,South Korea,L,L,TEX,"Arlington, Texas","Tarrant, Texas",DH,2014,2020,7,130000000,37,TEX,AL,33,0.1,21000000.0,0,1,1,27,27,10
440,83,"Yu Darvish, 2018",Yu Darvish,2018,Habikino,,Japan,R,R,CHC,"Chicago, Illinois","Cook, Illinois",SP,2018,2023,6,126000000,31,CHC,NL,8,-0.1,25000000.0,1,0,0,4,4,1
441,83,"Yu Darvish, 2019",Yu Darvish,2019,Habikino,,Japan,R,R,CHC,"Chicago, Illinois","Cook, Illinois",SP,2018,2023,6,126000000,32,CHC,NL,31,3.0,20000000.0,1,0,0,4,4,1
442,83,"Yu Darvish, 2020",Yu Darvish,2020,Habikino,,Japan,R,R,CHC,"Chicago, Illinois","Cook, Illinois",SP,2018,2023,6,126000000,33,CHC,NL,12,2.8,22000000.0,1,0,0,4,4,1
443,83,"Yu Darvish, 2021",Yu Darvish,2021,Habikino,,Japan,R,R,CHC,"Chicago, Illinois","Cook, Illinois",SP,2018,2023,6,126000000,34,SDP,NL,30,1.4,19000000.0,1,0,0,4,22,1
444,83,"Yu Darvish, 2022",Yu Darvish,2022,Habikino,,Japan,R,R,CHC,"Chicago, Illinois","Cook, Illinois",SP,2018,2023,6,126000000,35,SDP,NL,30,4.4,0.0,1,0,0,4,22,1
445,83,"Yu Darvish, 2023",Yu Darvish,2023,Habikino,,Japan,R,R,CHC,"Chicago, Illinois","Cook, Illinois",SP,2018,2023,6,126000000,36,SDP,NL,22,1.1,25000000.0,1,0,0,4,22,1
462,90,"Xander Bogaerts, 2023",Xander Bogaerts,2023,"Oranjestad, Aruba",,Aruba,R,R,BOS,"Boston, Massachusetts","Suffolk, Massachusetts",SS,2019,2026,6,120000000,30,SDP,NL,113,2.8,25454545.0,1,0,0,3,22,6
467,90,"Elvis Andrus, 2015",Elvis Andrus,2015,Maracay,,Venezuela,R,R,TEX,"Arlington, Texas","Tarrant, Texas",SS,2015,2023,8,120000000,26,TEX,AL,160,1.8,15000000.0,0,0,0,27,27,6
468,90,"Elvis Andrus, 2016",Elvis Andrus,2016,Maracay,,Venezuela,R,R,TEX,"Arlington, Texas","Tarrant, Texas",SS,2015,2023,8,120000000,27,TEX,AL,147,2.9,15000000.0,0,0,0,27,27,6
469,90,"Elvis Andrus, 2017",Elvis Andrus,2017,Maracay,,Venezuela,R,R,TEX,"Arlington, Texas","Tarrant, Texas",SS,2015,2023,8,120000000,28,TEX,AL,158,5.4,15000000.0,0,0,0,27,27,6
470,90,"Elvis Andrus, 2018",Elvis Andrus,2018,Maracay,,Venezuela,R,R,TEX,"Arlington, Texas","Tarrant, Texas",SS,2015,2023,8,120000000,29,TEX,AL,97,1.7,15250000.0,0,0,0,27,27,6
471,90,"Elvis Andrus, 2019",Elvis Andrus,2019,Maracay,,Venezuela,R,R,TEX,"Arlington, Texas","Tarrant, Texas",SS,2015,2023,8,120000000,30,TEX,AL,147,1.5,15250000.0,0,0,0,27,27,6
472,90,"Elvis Andrus, 2020",Elvis Andrus,2020,Maracay,,Venezuela,R,R,TEX,"Arlington, Texas","Tarrant, Texas",SS,2015,2023,8,120000000,31,TEX,AL,29,-0.4,15250000.0,0,0,0,27,27,6
473,90,"Elvis Andrus, 2021",Elvis Andrus,2021,Maracay,,Venezuela,R,R,TEX,"Arlington, Texas","Tarrant, Texas",SS,2015,2023,8,120000000,32,OAK,AL,146,0.6,14250000.0,0,0,0,27,19,6
474,90,"Elvis Andrus, 2022",Elvis Andrus,2022,Maracay,,Venezuela,R,R,TEX,"Arlington, Texas","Tarrant, Texas",SS,2015,2023,8,120000000,33,OAK,AL,106,1.3,14250000.0,0,0,0,27,19,6
475,90,"Elvis Andrus, 2022",Elvis Andrus,2022,Maracay,,Venezuela,R,R,TEX,"Arlington, Texas","Tarrant, Texas",SS,2015,2023,8,120000000,33,CHW,AL,43,1.8,0.0,0,0,0,27,5,6
476,90,"Elvis Andrus, 2023",Elvis Andrus,2023,Maracay,,Venezuela,R,R,TEX,"Arlington, Texas","Tarrant, Texas",SS,2015,2023,8,120000000,34,CHW,AL,82,0.0,3000000.0,0,0,0,27,5,6
491,90,"Xander Bogaerts, 2019",Xander Bogaerts,2019,"Oranjestad, Aruba",,Aruba,R,R,BOS,"Boston, Massachusetts","Suffolk, Massachusetts",SS,2019,2026,6,120000000,26,BOS,AL,155,6.3,12000000.0,0,0,0,3,3,6
492,90,"Xander Bogaerts, 2020",Xander Bogaerts,2020,"Oranjestad, Aruba",,Aruba,R,R,BOS,"Boston, Massachusetts","Suffolk, Massachusetts",SS,2019,2026,6,120000000,27,BOS,AL,56,1.6,20000000.0,0,0,0,3,3,6
493,90,"Xander Bogaerts, 2021",Xander Bogaerts,2021,"Oranjestad, Aruba",,Aruba,R,R,BOS,"Boston, Massachusetts","Suffolk, Massachusetts",SS,2019,2026,6,120000000,28,BOS,AL,144,5.0,20000000.0,0,0,0,3,3,6
494,90,"Xander Bogaerts, 2022",Xander Bogaerts,2022,"Oranjestad, Aruba",,Aruba,R,R,BOS,"Boston, Massachusetts","Suffolk, Massachusetts",SS,2019,2026,6,120000000,29,BOS,AL,150,5.9,20000000.0,0,0,0,3,3,6
495,95,"Carlos Beltran, 2005",Carlos Beltran,2005,"Manatí, Cuba",,Puerto Rico,S,R,NYM,"Flushing, Queens","Queens, New York",DH,2005,2011,7,119000000,28,NYM,NL,151,2.9,11571429.0,1,2,0,17,17,10
496,95,"Carlos Beltran, 2006",Carlos Beltran,2006,"Manatí, Cuba",,Puerto Rico,S,R,NYM,"Flushing, Queens","Queens, New York",DH,2005,2011,7,119000000,29,NYM,NL,140,8.2,13571428.0,1,2,0,17,17,10
497,95,"Carlos Beltran, 2007",Carlos Beltran,2007,"Manatí, Cuba",,Puerto Rico,S,R,NYM,"Flushing, Queens","Queens, New York",DH,2005,2011,7,119000000,30,NYM,NL,144,5.4,13571429.0,1,2,0,17,17,10
498,95,"Carlos Beltran, 2008",Carlos Beltran,2008,"Manatí, Cuba",,Puerto Rico,S,R,NYM,"Flushing, Queens","Queens, New York",DH,2005,2011,7,119000000,31,NYM,NL,161,7.0,18622809.0,1,2,0,17,17,10
499,95,"Carlos Beltran, 2009",Carlos Beltran,2009,"Manatí, Cuba",,Puerto Rico,S,R,NYM,"Flushing, Queens","Queens, New York",DH,2005,2011,7,119000000,32,NYM,NL,81,3.6,19243682.0,1,2,0,17,17,10
500,95,"Carlos Beltran, 2010",Carlos Beltran,2010,"Manatí, Cuba",,Puerto Rico,S,R,NYM,"Flushing, Queens","Queens, New York",DH,2005,2011,7,119000000,33,NYM,NL,64,0.7,19401569.0,1,2,0,17,17,10
501,95,"Carlos Beltran, 2011",Carlos Beltran,2011,"Manatí, Cuba",,Puerto Rico,S,R,NYM,"Flushing, Queens","Queens, New York",DH,2005,2011,7,119000000,34,NYM,NL,98,3.4,19325436.0,1,2,0,17,17,10
502,95,"Carlos Beltran, 2011",Carlos Beltran,2011,"Manatí, Cuba",,Puerto Rico,S,R,NYM,"Flushing, Queens","Queens, New York",DH,2005,2011,7,119000000,34,SFG,NL,44,1.2,0.0,1,2,0,17,24,10
522,99,"Yordan Alvarez, 2023",Yordan Alvarez,2023,Las Tunas,,Cuba,L,R,HOU,"Houston, Texas","Harris, Texas",LF,2023,2028,6,115000000,26,HOU,AL,74,2.3,7833333.0,0,1,0,10,10,7
547,103,"Yoenis Cespedes, 2017",Yoenis Cespedes,2017,Campechuela,,Cuba,R,R,NYM,"Flushing, Queens","Queens, New York",LF,2017,2020,4,110000000,31,NYM,NL,81,2.0,22500000.0,1,0,0,17,17,7
548,103,"Yoenis Cespedes, 2018",Yoenis Cespedes,2018,Campechuela,,Cuba,R,R,NYM,"Flushing, Queens","Queens, New York",LF,2017,2020,4,110000000,32,NYM,NL,38,0.8,29000000.0,1,0,0,17,17,7
549,103,"Yoenis Cespedes, 2020",Yoenis Cespedes,2020,Campechuela,,Cuba,R,R,NYM,"Flushing, Queens","Queens, New York",LF,2017,2020,4,110000000,34,NYM,NL,8,-0.1,6000000.0,1,0,0,17,17,7
550,108,"Yu Darvish, 2023",Yu Darvish,2023,Habikino,,Japan,R,R,SDP,"San Diego, California","San Diego, California",SP,2023,2028,6,108000000,36,SDP,NL,22,1.1,25000000.0,1,0,0,22,22,1
557,108,"Luis Castillo, 2023",Luis Castillo,2023,Baní,,Dominican Republic,R,R,SEA,"Seattle, Washington","King, Washington",SP,2023,2028,5,108000000,30,SEA,AL,24,2.5,11400000.0,0,0,0,23,23,1
559,112,"Andres Gimenez, 2023",Andres Gimenez,2023,Barquisimeto,,Venezuela,L,R,CLE,"Cleveland, Ohio","Cuyahoga, Ohio",2B,2023,2030,7,106500000,24,CLE,AL,114,3.8,1571429.0,0,1,0,7,7,4
564,113,"Jose Reyes, 2012",Jose Reyes,2012,Santiago,,Dominican Republic,S,R,MIA,"Miami, Florida","Miami-Dade, Florida",SS,2012,2018,6,106000000,29,MIA,NL,160,3.0,10000000.0,1,2,0,14,14,6
565,113,"Jose Reyes, 2013",Jose Reyes,2013,Santiago,,Dominican Republic,S,R,MIA,"Miami, Florida","Miami-Dade, Florida",SS,2012,2018,6,106000000,30,TOR,AL,93,2.6,10000000.0,0,2,0,14,28,6
566,113,"Jose Reyes, 2014",Jose Reyes,2014,Santiago,,Dominican Republic,S,R,MIA,"Miami, Florida","Miami-Dade, Florida",SS,2012,2018,6,106000000,31,TOR,AL,143,3.4,16000000.0,0,2,0,14,28,6
567,113,"Jose Reyes, 2015",Jose Reyes,2015,Santiago,,Dominican Republic,S,R,MIA,"Miami, Florida","Miami-Dade, Florida",SS,2012,2018,6,106000000,32,TOR,AL,69,0.6,0.0,0,2,0,14,28,6
568,113,"Jose Reyes, 2015",Jose Reyes,2015,Santiago,,Dominican Republic,S,R,MIA,"Miami, Florida","Miami-Dade, Florida",SS,2012,2018,6,106000000,32,COL,NL,47,-0.2,22000000.0,1,2,0,14,8,6
569,113,"Jose Reyes, 2016",Jose Reyes,2016,Santiago,,Dominican Republic,S,R,MIA,"Miami, Florida","Miami-Dade, Florida",SS,2012,2018,6,106000000,33,NYM,NL,60,0.6,0.0,1,2,0,14,17,6
570,113,"Jose Reyes, 2017",Jose Reyes,2017,Santiago,,Dominican Republic,S,R,MIA,"Miami, Florida","Miami-Dade, Florida",SS,2012,2018,6,106000000,34,NYM,NL,145,0.1,22000000.0,1,2,0,14,17,6
571,113,"Jose Reyes, 2018",Jose Reyes,2018,Santiago,,Dominican Republic,S,R,MIA,"Miami, Florida","Miami-Dade, Florida",SS,2012,2018,6,106000000,35,NYM,NL,110,-0.3,2000000.0,1,2,0,14,17,6
573,115,"Carlos Correa, 2023",Carlos Correa,2023,"Ponce, Puerto Rico",,Puerto Rico,R,R,MIN,"Minneapolis, Minnesota","Hennepin, Minnesota",SS,2022,2024,3,105300000,28,MIN,AL,107,1.2,33333333.0,0,0,0,16,16,6
574,115,"Carlos Correa, 2022",Carlos Correa,2022,"Ponce, Puerto Rico",,Puerto Rico,R,R,MIN,"Minneapolis, Minnesota","Hennepin, Minnesota",SS,2022,2024,3,105300000,27,MIN,AL,136,5.5,35100000.0,0,0,0,16,16,6
596,121,"Albert Pujols, 2004",Albert Pujols,2004,Santo Domingo,,Dominican Republic,R,R,STL,"St. Louis, Missouri","St. Louis, Missouri",DH,2004,2011,7,100000000,24,STL,NL,154,8.5,7000000.0,1,0,0,25,25,10
597,121,"Albert Pujols, 2005",Albert Pujols,2005,Santo Domingo,,Dominican Republic,R,R,STL,"St. Louis, Missouri","St. Louis, Missouri",DH,2004,2011,7,100000000,25,STL,NL,161,8.4,11000000.0,1,0,0,25,25,10
598,121,"Albert Pujols, 2006",Albert Pujols,2006,Santo Domingo,,Dominican Republic,R,R,STL,"St. Louis, Missouri","St. Louis, Missouri",DH,2004,2011,7,100000000,26,STL,NL,143,8.5,14000000.0,1,0,0,25,25,10
599,121,"Albert Pujols, 2007",Albert Pujols,2007,Santo Domingo,,Dominican Republic,R,R,STL,"St. Louis, Missouri","St. Louis, Missouri",DH,2004,2011,7,100000000,27,STL,NL,158,8.7,12937813.0,1,0,0,25,25,10
600,121,"Albert Pujols, 2008",Albert Pujols,2008,Santo Domingo,,Dominican Republic,R,R,STL,"St. Louis, Missouri","St. Louis, Missouri",DH,2004,2011,7,100000000,28,STL,NL,148,9.2,13870949.0,1,0,0,25,25,10
601,121,"Albert Pujols, 2009",Albert Pujols,2009,Santo Domingo,,Dominican Republic,R,R,STL,"St. Louis, Missouri","St. Louis, Missouri",DH,2004,2011,7,100000000,29,STL,NL,160,9.7,14427326.0,1,0,0,25,25,10
602,121,"Albert Pujols, 2010",Albert Pujols,2010,Santo Domingo,,Dominican Republic,R,R,STL,"St. Louis, Missouri","St. Louis, Missouri",DH,2004,2011,7,100000000,30,STL,NL,159,7.5,14595953.0,1,0,0,25,25,10
603,121,"Albert Pujols, 2011",Albert Pujols,2011,Santo Domingo,,Dominican Republic,R,R,STL,"St. Louis, Missouri","St. Louis, Missouri",DH,2004,2011,7,100000000,31,STL,NL,147,5.3,14508395.0,1,0,0,25,25,10
610,121,"Carlos Lee, 2007",Carlos Lee,2007,"Aguadulce, Coclé",,Panama,R,R,HOU,"Houston, Texas","Harris, Texas",1B,2007,2012,6,100000000,31,HOU,NL,162,2.3,11500000.0,1,0,0,10,10,3
611,121,"Carlos Lee, 2008",Carlos Lee,2008,"Aguadulce, Coclé",,Panama,R,R,HOU,"Houston, Texas","Harris, Texas",2B,2007,2012,6,100000000,32,HOU,NL,115,2.8,12500000.0,1,0,0,10,10,4
612,121,"Carlos Lee, 2009",Carlos Lee,2009,"Aguadulce, Coclé",,Panama,R,R,HOU,"Houston, Texas","Harris, Texas",3B,2007,2012,6,100000000,33,HOU,NL,160,1.9,19000000.0,1,0,0,10,10,5
613,121,"Carlos Lee, 2010",Carlos Lee,2010,"Aguadulce, Coclé",,Panama,R,R,HOU,"Houston, Texas","Harris, Texas",3B,2007,2012,6,100000000,34,HOU,NL,157,-2.2,19000000.0,1,0,0,10,10,5
614,121,"Carlos Lee, 2011",Carlos Lee,2011,"Aguadulce, Coclé",,Panama,R,R,HOU,"Houston, Texas","Harris, Texas",3B,2007,2012,6,100000000,35,HOU,NL,155,3.9,19000000.0,1,0,0,10,10,5
615,121,"Carlos Lee, 2012",Carlos Lee,2012,"Aguadulce, Coclé",,Panama,R,R,HOU,"Houston, Texas","Harris, Texas",3B,2007,2012,6,100000000,36,HOU,NL,66,0.2,18500000.0,1,0,0,10,10,5
616,121,"Carlos Lee, 2012",Carlos Lee,2012,"Aguadulce, Coclé",,Panama,R,R,HOU,"Houston, Texas","Harris, Texas",3B,2007,2012,6,100000000,36,MIA,NL,81,-0.4,0.0,1,0,0,10,14,5
633,121,"Ronald Acuna Jr., 2019",Ronald Acuna Jr.,2019,La Guaira,,Venezuela,R,R,ATL,"Atlanta, Georgia","Fulton, Georgia",OF,2019,2028,8,100000000,21,ATL,NL,156,5.1,560000.0,1,0,0,1,1,11
634,121,"Ronald Acuna Jr., 2020",Ronald Acuna Jr.,2020,La Guaira,,Venezuela,R,R,ATL,"Atlanta, Georgia","Fulton, Georgia",OF,2019,2028,8,100000000,22,ATL,NL,46,2.3,1000000.0,1,0,0,1,1,11
635,121,"Ronald Acuna Jr., 2021",Ronald Acuna Jr.,2021,La Guaira,,Venezuela,R,R,ATL,"Atlanta, Georgia","Fulton, Georgia",OF,2019,2028,8,100000000,23,ATL,NL,82,3.7,5000000.0,1,0,0,1,1,11
636,121,"Ronald Acuna Jr., 2022",Ronald Acuna Jr.,2022,La Guaira,,Venezuela,R,R,ATL,"Atlanta, Georgia","Fulton, Georgia",OF,2019,2028,8,100000000,24,ATL,NL,119,2.7,15000000.0,1,0,0,1,1,11
637,121,"Ronald Acuna Jr., 2023",Ronald Acuna Jr.,2023,La Guaira,,Venezuela,R,R,ATL,"Atlanta, Georgia","Fulton, Georgia",OF,2019,2028,8,100000000,25,ATL,NL,118,6.3,17000000.0,1,0,0,1,1,11
649,132,"Pablo Sandoval, 2015",Pablo Sandoval,2015,Puerto Cabello,,Venezuela,S,R,BOS,"Boston, Massachusetts","Suffolk, Massachusetts",3B,2015,2019,5,95000000,28,BOS,AL,126,-0.5,17600000.0,0,2,0,3,3,5
650,132,"Pablo Sandoval, 2016",Pablo Sandoval,2016,Puerto Cabello,,Venezuela,S,R,BOS,"Boston, Massachusetts","Suffolk, Massachusetts",3B,2015,2019,5,95000000,29,BOS,AL,3,-0.2,17600000.0,0,2,0,3,3,5
651,132,"Pablo Sandoval, 2017",Pablo Sandoval,2017,Puerto Cabello,,Venezuela,S,R,BOS,"Boston, Massachusetts","Suffolk, Massachusetts",3B,2015,2019,5,95000000,30,BOS,AL,32,-0.9,17600000.0,0,2,0,3,3,5
652,132,"Pablo Sandoval, 2017",Pablo Sandoval,2017,Puerto Cabello,,Venezuela,S,R,BOS,"Boston, Massachusetts","Suffolk, Massachusetts",3B,2015,2019,5,95000000,30,SFG,NL,47,-0.5,0.0,1,2,0,3,24,5
653,132,"Pablo Sandoval, 2018",Pablo Sandoval,2018,Puerto Cabello,,Venezuela,S,R,BOS,"Boston, Massachusetts","Suffolk, Massachusetts",3B,2015,2019,5,95000000,31,SFG,NL,92,0.2,545000.0,1,2,0,3,24,5
654,132,"Pablo Sandoval, 2019",Pablo Sandoval,2019,Puerto Cabello,,Venezuela,S,R,BOS,"Boston, Massachusetts","Suffolk, Massachusetts",3B,2015,2019,5,95000000,32,SFG,NL,108,1.3,555000.0,1,2,0,3,24,5
662,135,"Carlos Zambrano, 2008",Carlos Zambrano,2008,Puerto Cabello,,Venezuela,S,R,CHC,"Chicago, Illinois","Cook, Illinois",SP,2008,2012,5,91500000,27,CHC,NL,30,4.2,16000000.0,1,2,0,4,4,1
663,135,"Carlos Zambrano, 2009",Carlos Zambrano,2009,Puerto Cabello,,Venezuela,S,R,CHC,"Chicago, Illinois","Cook, Illinois",SP,2008,2012,5,91500000,28,CHC,NL,28,3.0,18750000.0,1,2,0,4,4,1
664,135,"Carlos Zambrano, 2010",Carlos Zambrano,2010,Puerto Cabello,,Venezuela,S,R,CHC,"Chicago, Illinois","Cook, Illinois",SP,2008,2012,5,91500000,29,CHC,NL,36,2.6,18875000.0,1,2,0,4,4,1
665,135,"Carlos Zambrano, 2011",Carlos Zambrano,2011,Puerto Cabello,,Venezuela,S,R,CHC,"Chicago, Illinois","Cook, Illinois",SP,2008,2012,5,91500000,30,CHC,NL,24,0.7,18875000.0,1,2,0,4,4,1
666,135,"Carlos Zambrano, 2012",Carlos Zambrano,2012,Puerto Cabello,,Venezuela,S,R,CHC,"Chicago, Illinois","Cook, Illinois",SP,2008,2012,5,91500000,31,MIA,NL,35,0.7,18000000.0,1,2,0,4,14,1
695,137,"Ichiro Suzuki, 2008",Ichiro Suzuki,2008,Aichi Prefecture,,Japan,L,R,SEA,"Seattle, Washington","King, Washington",LF,2008,2012,5,90000000,34,SEA,AL,162,5.4,17102149.0,0,1,0,23,23,7
696,137,"Ichiro Suzuki, 2009",Ichiro Suzuki,2009,Aichi Prefecture,,Japan,L,R,SEA,"Seattle, Washington","King, Washington",LF,2008,2012,5,90000000,35,SEA,AL,146,4.7,18000000.0,0,1,0,23,23,7
697,137,"Ichiro Suzuki, 2010",Ichiro Suzuki,2010,Aichi Prefecture,,Japan,L,R,SEA,"Seattle, Washington","King, Washington",LF,2008,2012,5,90000000,36,SEA,AL,162,3.7,18000000.0,0,1,0,23,23,7
698,137,"Ichiro Suzuki, 2011",Ichiro Suzuki,2011,Aichi Prefecture,,Japan,L,R,SEA,"Seattle, Washington","King, Washington",LF,2008,2012,5,90000000,37,SEA,AL,161,0.6,18000000.0,0,1,0,23,23,7
699,137,"Ichiro Suzuki, 2012",Ichiro Suzuki,2012,Aichi Prefecture,,Japan,L,R,SEA,"Seattle, Washington","King, Washington",LF,2008,2012,5,90000000,38,SEA,AL,95,1.5,17000000.0,0,1,0,23,23,7
700,137,"Ichiro Suzuki, 2012",Ichiro Suzuki,2012,Aichi Prefecture,,Japan,L,R,SEA,"Seattle, Washington","King, Washington",LF,2008,2012,5,90000000,38,NYY,AL,67,0.2,0.0,0,1,0,23,18,7
701,137,"Masataka Yoshida, 2023",Masataka Yoshida,2023,Fukui,,Japan,L,R,BOS,"Boston, Massachusetts","Suffolk, Massachusetts",LF,2023,2027,5,90000000,29,BOS,AL,104,1.6,15600000.0,0,1,0,3,3,7
721,147,"Hanley Ramirez, 2015",Hanley Ramirez,2015,Samaná,,Dominican Republic,R,R,CLE,"Cleveland, Ohio","Cuyahoga, Ohio",1B,2015,2019,4,88000000,31,BOS,AL,105,-0.7,19750000.0,0,0,0,7,3,3
722,147,"Hanley Ramirez, 2016",Hanley Ramirez,2016,Samaná,,Dominican Republic,R,R,CLE,"Cleveland, Ohio","Cuyahoga, Ohio",2B,2015,2019,4,88000000,32,BOS,AL,147,2.6,22750000.0,0,0,0,7,3,4
723,147,"Hanley Ramirez, 2017",Hanley Ramirez,2017,Samaná,,Dominican Republic,R,R,CLE,"Cleveland, Ohio","Cuyahoga, Ohio",3B,2015,2019,4,88000000,33,BOS,AL,133,-0.3,22750000.0,0,0,0,7,3,5
724,147,"Hanley Ramirez, 2018",Hanley Ramirez,2018,Samaná,,Dominican Republic,R,R,CLE,"Cleveland, Ohio","Cuyahoga, Ohio",1B,2015,2019,4,88000000,34,BOS,AL,44,0.1,22750000.0,0,0,0,7,3,3
725,147,"Hanley Ramirez, 2019",Hanley Ramirez,2019,Samaná,,Dominican Republic,R,R,CLE,"Cleveland, Ohio","Cuyahoga, Ohio",1B,2015,2019,4,88000000,35,CLE,AL,16,-0.2,100000.0,0,0,0,7,7,3
726,148,"Willson Contreras, 2023",Willson Contreras,2023,Puerto Cabello,,Venezuela,R,R,BOS,"Boston, Massachusetts","Suffolk, Massachusetts",C,2023,2028,5,87500000,31,STL,NL,100,2.4,10000000.0,1,0,0,3,25,2
729,150,"Aroldis Chapman, 2017",Aroldis Chapman,2017,Holguín,,Cuba,L,L,NYY,The Bronx,"Bronx, New York",RP,2017,2021,5,86000000,29,NYY,AL,52,1.0,17200000.0,0,1,1,18,18,0
730,150,"Aroldis Chapman, 2018",Aroldis Chapman,2018,Holguín,,Cuba,L,L,NYY,The Bronx,"Bronx, New York",RP,2017,2021,5,86000000,30,NYY,AL,55,1.5,17200000.0,0,1,1,18,18,0
731,150,"Aroldis Chapman, 2019",Aroldis Chapman,2019,Holguín,,Cuba,L,L,NYY,The Bronx,"Bronx, New York",RP,2017,2021,5,86000000,31,NYY,AL,60,1.6,17200000.0,0,1,1,18,18,0
732,150,"Aroldis Chapman, 2020",Aroldis Chapman,2020,Holguín,,Cuba,L,L,NYY,The Bronx,"Bronx, New York",RP,2017,2021,5,86000000,32,NYY,AL,13,0.4,16000000.0,0,1,1,18,18,0
733,150,"Aroldis Chapman, 2021",Aroldis Chapman,2021,Holguín,,Cuba,L,L,NYY,The Bronx,"Bronx, New York",RP,2017,2021,5,86000000,33,NYY,AL,61,1.5,16000000.0,0,1,1,18,18,0
787,152,"Seiya Suzuki, 2022",Seiya Suzuki,2022,"Arakawa, Tokyo",,Japan,R,R,CHC,"Chicago, Illinois","Cook, Illinois",RF,2022,2026,5,85000000,27,CHC,NL,111,2.0,8000000.0,1,0,0,4,4,9
788,152,"Seiya Suzuki, 2023",Seiya Suzuki,2023,"Arakawa, Tokyo",,Japan,R,R,CHC,"Chicago, Illinois","Cook, Illinois",RF,2022,2026,5,85000000,28,CHC,NL,95,0.7,18000000.0,1,0,0,4,4,9
798,170,"Justin Morneau, 2011",Justin Morneau,2011,New Westminster,,Canada,L,R,MIN,"Minneapolis, Minnesota","Hennepin, Minnesota",1B,2008,2013,6,80000000,30,MIN,AL,69,-1.1,15000000.0,0,1,0,16,16,3
799,170,"Justin Morneau, 2012",Justin Morneau,2012,New Westminster,,Canada,L,R,MIN,"Minneapolis, Minnesota","Hennepin, Minnesota",1B,2008,2013,6,80000000,31,MIN,AL,134,1.2,14000000.0,0,1,0,16,16,3
800,170,"Justin Morneau, 2013",Justin Morneau,2013,New Westminster,,Canada,L,R,MIN,"Minneapolis, Minnesota","Hennepin, Minnesota",1B,2008,2013,6,80000000,32,MIN,AL,127,1.3,0.0,0,1,0,16,16,3
801,170,"Justin Morneau, 2013",Justin Morneau,2013,New Westminster,,Canada,L,R,MIN,"Minneapolis, Minnesota","Hennepin, Minnesota",1B,2008,2013,6,80000000,32,PIT,NL,25,0.0,14000000.0,1,1,0,16,21,3
822,168,"Russell Martin, 2015",Russell Martin,2015,East York,,Canada,R,R,TOR,"Toronto, Canada","Niagara, New York",C,2015,2019,5,82000000,32,TOR,AL,129,3.2,7000000.0,0,0,0,28,28,2
823,168,"Russell Martin, 2016",Russell Martin,2016,East York,,Canada,R,R,TOR,"Toronto, Canada","Niagara, New York",C,2015,2019,5,82000000,33,TOR,AL,137,2.0,15000000.0,0,0,0,28,28,2
824,168,"Russell Martin, 2017",Russell Martin,2017,East York,,Canada,R,R,TOR,"Toronto, Canada","Niagara, New York",C,2015,2019,5,82000000,34,TOR,AL,91,1.7,20000000.0,0,0,0,28,28,2
825,168,"Russell Martin, 2018",Russell Martin,2018,East York,,Canada,R,R,TOR,"Toronto, Canada","Niagara, New York",C,2015,2019,5,82000000,35,TOR,AL,90,1.4,20000000.0,0,0,0,28,28,2
826,168,"Russell Martin, 2019",Russell Martin,2019,East York,,Canada,R,R,TOR,"Toronto, Canada","Niagara, New York",C,2015,2019,5,82000000,36,LAD,NL,83,0.6,20000000.0,1,0,0,28,13,2
827,168,"Salvador Perez, 2022",Salvador Perez,2022,"Valencia, Venezuela",,Venezuela,R,R,KCR,"Kansas City, Missouri","Jackson, Missouri",C,2022,2026,4,82000000,32,KCR,AL,114,2.7,18000000.0,0,0,0,11,11,2
828,168,"Salvador Perez, 2023",Salvador Perez,2023,"Valencia, Venezuela",,Venezuela,R,R,KCR,"Kansas City, Missouri","Jackson, Missouri",C,2022,2026,4,82000000,33,KCR,AL,107,0.5,20000000.0,0,0,0,11,11,2
831,170,"Adrian Beltre, 2011",Adrian Beltre,2011,Santo Domingo,,Dominican Republic,R,R,TEX,"Arlington, Texas","Tarrant, Texas",3B,2011,2016,5,80000000,32,TEX,AL,124,5.6,14000000.0,0,0,0,27,27,5
832,170,"Adrian Beltre, 2012",Adrian Beltre,2012,Santo Domingo,,Dominican Republic,R,R,TEX,"Arlington, Texas","Tarrant, Texas",3B,2011,2016,5,80000000,33,TEX,AL,156,7.2,15000000.0,0,0,0,27,27,5
833,170,"Adrian Beltre, 2013",Adrian Beltre,2013,Santo Domingo,,Dominican Republic,R,R,TEX,"Arlington, Texas","Tarrant, Texas",3B,2011,2016,5,80000000,34,TEX,AL,161,5.7,16000000.0,0,0,0,27,27,5
834,170,"Adrian Beltre, 2014",Adrian Beltre,2014,Santo Domingo,,Dominican Republic,R,R,TEX,"Arlington, Texas","Tarrant, Texas",3B,2011,2016,5,80000000,35,TEX,AL,148,6.2,17000000.0,0,0,0,27,27,5
835,170,"Adrian Beltre, 2015",Adrian Beltre,2015,Santo Domingo,,Dominican Republic,R,R,TEX,"Arlington, Texas","Tarrant, Texas",3B,2011,2016,5,80000000,36,TEX,AL,143,4.4,16000000.0,0,0,0,27,27,5
836,170,"Adrian Beltre, 2016",Adrian Beltre,2016,Santo Domingo,,Dominican Republic,R,R,TEX,"Arlington, Texas","Tarrant, Texas",3B,2011,2016,5,80000000,37,TEX,AL,153,6.7,18000000.0,0,0,0,27,27,5
837,170,"Anibal Sanchez, 2013",Anibal Sanchez,2013,Maracay,,Venezuela,R,R,DET,"Detroit, Michigan","Wayne, Michigan",SP,2013,2017,5,80000000,29,DET,AL,29,6.1,8800000.0,0,0,0,9,9,1
838,170,"Anibal Sanchez, 2014",Anibal Sanchez,2014,Maracay,,Venezuela,R,R,DET,"Detroit, Michigan","Wayne, Michigan",SP,2013,2017,5,80000000,30,DET,AL,22,2.3,15800000.0,0,0,0,9,9,1
839,170,"Anibal Sanchez, 2015",Anibal Sanchez,2015,Maracay,,Venezuela,R,R,DET,"Detroit, Michigan","Wayne, Michigan",SP,2013,2017,5,80000000,31,DET,AL,25,0.2,16800000.0,0,0,0,9,9,1
840,170,"Anibal Sanchez, 2016",Anibal Sanchez,2016,Maracay,,Venezuela,R,R,DET,"Detroit, Michigan","Wayne, Michigan",SP,2013,2017,5,80000000,32,DET,AL,35,-0.9,16800000.0,0,0,0,9,9,1
841,170,"Anibal Sanchez, 2017",Anibal Sanchez,2017,Maracay,,Venezuela,R,R,DET,"Detroit, Michigan","Wayne, Michigan",SP,2013,2017,5,80000000,33,DET,AL,28,-0.5,16800000.0,0,0,0,9,9,1
842,170,"Carlos Gonzalez, 2011",Carlos Gonzalez,2011,Maracaibo,,Venezuela,L,L,COL,"Denver, Colorado","Denver, Colorado",RF,2011,2017,7,80000000,25,COL,NL,127,4.3,1428571.0,1,1,1,8,8,9
843,170,"Carlos Gonzalez, 2012",Carlos Gonzalez,2012,Maracaibo,,Venezuela,L,L,COL,"Denver, Colorado","Denver, Colorado",RF,2011,2017,7,80000000,26,COL,NL,135,1.6,5000000.0,1,1,1,8,8,9
844,170,"Carlos Gonzalez, 2013",Carlos Gonzalez,2013,Maracaibo,,Venezuela,L,L,COL,"Denver, Colorado","Denver, Colorado",RF,2011,2017,7,80000000,27,COL,NL,110,5.1,7500000.0,1,1,1,8,8,9
845,170,"Carlos Gonzalez, 2014",Carlos Gonzalez,2014,Maracaibo,,Venezuela,L,L,COL,"Denver, Colorado","Denver, Colorado",RF,2011,2017,7,80000000,28,COL,NL,70,-0.5,10500000.0,1,1,1,8,8,9
846,170,"Carlos Gonzalez, 2015",Carlos Gonzalez,2015,Maracaibo,,Venezuela,L,L,COL,"Denver, Colorado","Denver, Colorado",RF,2011,2017,7,80000000,29,COL,NL,153,2.6,16000000.0,1,1,1,8,8,9
847,170,"Carlos Gonzalez, 2016",Carlos Gonzalez,2016,Maracaibo,,Venezuela,L,L,COL,"Denver, Colorado","Denver, Colorado",RF,2011,2017,7,80000000,30,COL,NL,150,2.3,17000000.0,1,1,1,8,8,9
848,170,"Carlos Gonzalez, 2017",Carlos Gonzalez,2017,Maracaibo,,Venezuela,L,L,COL,"Denver, Colorado","Denver, Colorado",RF,2011,2017,7,80000000,31,COL,NL,136,-0.2,20000000.0,1,1,1,8,8,9
849,170,"Hyun-Jin Ryu, 2020",Hyun-Jin Ryu,2020,Incheon,,South Korea,R,L,TOR,"Toronto, Canada","Niagara, New York",SP,2020,2023,4,80000000,33,TOR,AL,12,2.9,20000000.0,0,0,1,28,28,1
850,170,"Hyun-Jin Ryu, 2021",Hyun-Jin Ryu,2021,Incheon,,South Korea,R,L,TOR,"Toronto, Canada","Niagara, New York",SP,2020,2023,4,80000000,34,TOR,AL,31,2.0,20000000.0,0,0,1,28,28,1
851,170,"Hyun-Jin Ryu, 2022",Hyun-Jin Ryu,2022,Incheon,,South Korea,R,L,TOR,"Toronto, Canada","Niagara, New York",SP,2020,2023,4,80000000,35,TOR,AL,6,-0.3,20000000.0,0,0,1,28,28,1
852,170,"Hyun-Jin Ryu, 2023",Hyun-Jin Ryu,2023,Incheon,,South Korea,R,L,TOR,"Toronto, Canada","Niagara, New York",SP,2020,2023,4,80000000,36,TOR,AL,3,0.1,20000000.0,0,0,1,28,28,1
853,170,"Justin Morneau, 2008",Justin Morneau,2008,New Westminster,,Canada,L,R,MIN,"Minneapolis, Minnesota","Hennepin, Minnesota",1B,2008,2013,6,80000000,27,MIN,AL,163,4.2,8400000.0,0,1,0,16,16,3
854,170,"Justin Morneau, 2009",Justin Morneau,2009,New Westminster,,Canada,L,R,MIN,"Minneapolis, Minnesota","Hennepin, Minnesota",2B,2008,2013,6,80000000,28,MIN,AL,135,3.5,11600000.0,0,1,0,16,16,4
855,170,"Justin Morneau, 2010",Justin Morneau,2010,New Westminster,,Canada,L,R,MIN,"Minneapolis, Minnesota","Hennepin, Minnesota",3B,2008,2013,6,80000000,29,MIN,AL,81,4.7,15000000.0,0,1,0,16,16,5
863,170,"Kenley Jansen, 2017",Kenley Jansen,2017,Willemstad,,Curaçao,S,R,LAD,"Los Angeles, California","Los Angeles, California",RP,2017,2021,5,80000000,29,LAD,NL,65,3.0,10800000.0,1,2,0,13,13,0
864,170,"Kenley Jansen, 2020",Kenley Jansen,2020,Willemstad,,Curaçao,S,R,LAD,"Los Angeles, California","Los Angeles, California",RP,2017,2021,5,80000000,32,LAD,NL,27,0.4,18000000.0,1,2,0,13,13,0
865,170,"Kenley Jansen, 2021",Kenley Jansen,2021,Willemstad,,Curaçao,S,R,LAD,"Los Angeles, California","Los Angeles, California",RP,2017,2021,5,80000000,33,LAD,NL,69,2.5,20000000.0,1,2,0,13,13,0
866,170,"Kenley Jansen, 2018",Kenley Jansen,2018,Willemstad,,Curaçao,S,R,LAD,"Los Angeles, California","Los Angeles, California",RP,2017,2021,5,80000000,30,LAD,NL,69,0.6,11333333.0,1,2,0,13,13,0
867,170,"Kenley Jansen, 2019",Kenley Jansen,2019,Willemstad,,Curaçao,S,R,LAD,"Los Angeles, California","Los Angeles, California",RP,2017,2021,5,80000000,31,LAD,NL,62,0.1,19333334.0,1,2,0,13,13,0
889,218,"Hanley Ramirez, 2012",Hanley Ramirez,2012,Samaná,,Dominican Republic,R,R,MIA,"Miami, Florida","Miami-Dade, Florida",1B,2009,2014,6,70000000,28,MIA,NL,93,0.6,0.0,1,0,0,14,14,3
890,218,"Hanley Ramirez, 2012",Hanley Ramirez,2012,Samaná,,Dominican Republic,R,R,MIA,"Miami, Florida","Miami-Dade, Florida",1B,2009,2014,6,70000000,28,LAD,NL,64,0.7,15000000.0,1,0,0,14,13,3
891,170,"Wei-Yin Chen, 2016",Wei-Yin Chen,2016,Kaohsiung,,Taiwan,R,L,MIA,"Miami, Florida","Miami-Dade, Florida",SP,2016,2021,5,80000000,30,MIA,NL,22,-0.1,12500000.0,1,0,1,14,14,1
892,170,"Wei-Yin Chen, 2017",Wei-Yin Chen,2017,Kaohsiung,,Taiwan,R,L,MIA,"Miami, Florida","Miami-Dade, Florida",SP,2016,2021,5,80000000,31,MIA,NL,9,0.4,15500000.0,1,0,1,14,14,1
893,170,"Wei-Yin Chen, 2018",Wei-Yin Chen,2018,Kaohsiung,,Taiwan,R,L,MIA,"Miami, Florida","Miami-Dade, Florida",SP,2016,2021,5,80000000,32,MIA,NL,26,0.2,10000000.0,1,0,1,14,14,1
894,170,"Wei-Yin Chen, 2019",Wei-Yin Chen,2019,Kaohsiung,,Taiwan,R,L,MIA,"Miami, Florida","Miami-Dade, Florida",SP,2016,2021,5,80000000,33,MIA,NL,45,-1.0,20000000.0,1,0,1,14,14,1
897,186,"Felix Hernandez, 2013",Felix Hernandez,2013,Valencia,,Venezuela,R,R,BAL,"Baltimore, Maryland","Baltimore, Maryland",SP,2010,2014,5,78000000,27,SEA,AL,31,5.1,19857000.0,0,0,0,2,23,1
898,186,"Felix Hernandez, 2014",Felix Hernandez,2014,Valencia,,Venezuela,R,R,BAL,"Baltimore, Maryland","Baltimore, Maryland",SP,2010,2014,5,78000000,28,SEA,AL,34,6.4,22857000.0,0,0,0,2,23,1
899,186,"Felix Hernandez, 2010",Felix Hernandez,2010,Valencia,,Venezuela,R,R,BAL,"Baltimore, Maryland","Baltimore, Maryland",SP,2010,2014,5,78000000,24,SEA,AL,34,7.2,7200000.0,0,0,0,2,23,1
900,186,"Felix Hernandez, 2011",Felix Hernandez,2011,Valencia,,Venezuela,R,R,BAL,"Baltimore, Maryland","Baltimore, Maryland",SP,2010,2014,5,78000000,25,SEA,AL,33,3.6,11700000.0,0,0,0,2,23,1
901,186,"Felix Hernandez, 2012",Felix Hernandez,2012,Valencia,,Venezuela,R,R,BAL,"Baltimore, Maryland","Baltimore, Maryland",SP,2010,2014,5,78000000,26,SEA,AL,33,5.3,18500000.0,0,0,0,2,23,1
902,186,"Starling Marte, 2022",Starling Marte,2022,Santo Domingo,,Dominican Republic,R,R,NYM,"Flushing, Queens","Queens, New York",RF,2022,2025,4,78000000,33,NYM,NL,118,3.8,15750000.0,1,0,0,17,17,9
903,186,"Starling Marte, 2023",Starling Marte,2023,Santo Domingo,,Dominican Republic,R,R,NYM,"Flushing, Queens","Queens, New York",RF,2022,2025,4,78000000,34,NYM,NL,86,-0.7,20750000.0,1,0,0,17,17,9
908,189,"Eduardo Rodriguez, 2022",Eduardo Rodriguez,2022,Valencia,,Venezuela,L,L,DET,"Detroit, Michigan","Wayne, Michigan",SP,2022,2026,5,77000000,29,DET,AL,17,0.2,14000000.0,0,1,1,9,9,1
909,189,"Eduardo Rodriguez, 2023",Eduardo Rodriguez,2023,Valencia,,Venezuela,L,L,DET,"Detroit, Michigan","Wayne, Michigan",SP,2022,2026,5,77000000,30,DET,AL,18,2.8,14000000.0,0,1,1,9,9,1
910,190,"Ketel Marte, 2023",Ketel Marte,2023,Nizao,,Dominican Republic,S,R,ARI,"Phoenix, Arizona","Maricopa County, Arizona",2B,2023,2028,5,76000000,29,ARI,NL,112,3.9,11600000.0,1,2,0,0,0,4
912,191,"Andruw Jones, 2002",Andruw Jones,2002,Willemstad,,Curaçao,R,R,NYY,The Bronx,"Bronx, New York",LF,2002,2007,6,75000000,25,ATL,NL,154,6.5,10000000.0,1,0,0,18,1,7
913,191,"Andruw Jones, 2003",Andruw Jones,2003,Willemstad,,Curaçao,R,R,NYY,The Bronx,"Bronx, New York",LF,2002,2007,6,75000000,26,ATL,NL,156,4.9,12000000.0,1,0,0,18,1,7
914,191,"Andruw Jones, 2004",Andruw Jones,2004,Willemstad,,Curaçao,R,R,NYY,The Bronx,"Bronx, New York",LF,2002,2007,6,75000000,27,ATL,NL,154,3.2,12500000.0,1,0,0,18,1,7
915,191,"Andruw Jones, 2005",Andruw Jones,2005,Willemstad,,Curaçao,R,R,NYY,The Bronx,"Bronx, New York",LF,2002,2007,6,75000000,28,ATL,NL,160,6.7,13000000.0,1,0,0,18,1,7
916,191,"Andruw Jones, 2006",Andruw Jones,2006,Willemstad,,Curaçao,R,R,NYY,The Bronx,"Bronx, New York",LF,2002,2007,6,75000000,29,ATL,NL,156,5.6,13500000.0,1,0,0,18,1,7
917,191,"Andruw Jones, 2007",Andruw Jones,2007,Willemstad,,Curaçao,R,R,NYY,The Bronx,"Bronx, New York",LF,2002,2007,6,75000000,30,ATL,NL,154,3.0,14000000.0,1,0,0,18,1,7
918,191,"Aramis Ramirez, 2007",Aramis Ramirez,2007,Santo Domingo,,Dominican Republic,R,R,CHC,"Chicago, Illinois","Cook, Illinois",3B,2007,2012,5,75000000,29,CHC,NL,132,5.3,9000000.0,1,0,0,4,4,5
919,191,"Aramis Ramirez, 2008",Aramis Ramirez,2008,Santo Domingo,,Dominican Republic,R,R,CHC,"Chicago, Illinois","Cook, Illinois",3B,2007,2012,5,75000000,30,CHC,NL,149,3.0,15000000.0,1,0,0,4,4,5
920,191,"Aramis Ramirez, 2009",Aramis Ramirez,2009,Santo Domingo,,Dominican Republic,R,R,CHC,"Chicago, Illinois","Cook, Illinois",3B,2007,2012,5,75000000,31,CHC,NL,82,1.7,16650000.0,1,0,0,4,4,5
921,191,"Aramis Ramirez, 2010",Aramis Ramirez,2010,Santo Domingo,,Dominican Republic,R,R,CHC,"Chicago, Illinois","Cook, Illinois",3B,2007,2012,5,75000000,32,CHC,NL,124,-0.7,16750000.0,1,0,0,4,4,5
922,191,"Aramis Ramirez, 2011",Aramis Ramirez,2011,Santo Domingo,,Dominican Republic,R,R,CHC,"Chicago, Illinois","Cook, Illinois",3B,2007,2012,5,75000000,33,CHC,NL,149,2.8,14600000.0,1,0,0,4,4,5
923,191,"Aramis Ramirez, 2012",Aramis Ramirez,2012,Santo Domingo,,Dominican Republic,R,R,CHC,"Chicago, Illinois","Cook, Illinois",3B,2007,2012,5,75000000,34,MIL,NL,149,5.6,6000000.0,1,0,0,4,15,5
945,191,"Kodai Senga, 2023",Kodai Senga,2023,Gamagōri,,Japan,L,R,NYM,"Flushing, Queens","Queens, New York",SP,2023,2027,5,75000000,30,NYM,NL,22,2.8,15000000.0,1,1,0,17,17,1
946,191,"Larry Walker, 2000",Larry Walker,2000,"Maple Ridge, British Columbia",,Canada,L,R,COL,"Denver, Colorado","Denver, Colorado",OF,2000,2005,6,75000000,33,COL,NL,87,1.6,12142857.0,1,1,0,8,8,11
947,191,"Larry Walker, 2001",Larry Walker,2001,"Maple Ridge, British Columbia",,Canada,L,R,COL,"Denver, Colorado","Denver, Colorado",OF,2000,2005,6,75000000,34,COL,NL,142,7.8,12166667.0,1,1,0,8,8,11
948,191,"Larry Walker, 2002",Larry Walker,2002,"Maple Ridge, British Columbia",,Canada,L,R,COL,"Denver, Colorado","Denver, Colorado",OF,2000,2005,6,75000000,35,COL,NL,136,6.1,12666667.0,1,1,0,8,8,11
949,191,"Larry Walker, 2003",Larry Walker,2003,"Maple Ridge, British Columbia",,Canada,L,R,COL,"Denver, Colorado","Denver, Colorado",OF,2000,2005,6,75000000,36,COL,NL,143,4.4,12666667.0,1,1,0,8,8,11
950,191,"Larry Walker, 2004",Larry Walker,2004,"Maple Ridge, British Columbia",,Canada,L,R,COL,"Denver, Colorado","Denver, Colorado",OF,2000,2005,6,75000000,37,COL,NL,38,1.8,12666667.0,1,1,0,8,8,11
951,191,"Larry Walker, 2004",Larry Walker,2004,"Maple Ridge, British Columbia",,Canada,L,R,COL,"Denver, Colorado","Denver, Colorado",OF,2000,2005,6,75000000,37,STL,NL,44,0.9,0.0,1,1,0,8,25,11
952,191,"Larry Walker, 2005",Larry Walker,2005,"Maple Ridge, British Columbia",,Canada,L,R,COL,"Denver, Colorado","Denver, Colorado",OF,2000,2005,6,75000000,38,STL,NL,100,2.4,12666667.0,1,1,0,8,25,11
953,191,"Magglio Ordonez, 2005",Magglio Ordonez,2005,Caracas,,Venezuela,R,R,DET,"Detroit, Michigan","Wayne, Michigan",RF,2005,2009,5,75000000,31,DET,AL,82,1.6,7200000.0,0,0,0,9,9,9
954,191,"Magglio Ordonez, 2006",Magglio Ordonez,2006,Caracas,,Venezuela,R,R,DET,"Detroit, Michigan","Wayne, Michigan",RF,2005,2009,5,75000000,32,DET,AL,155,1.9,16200000.0,0,0,0,9,9,9
955,191,"Magglio Ordonez, 2007",Magglio Ordonez,2007,Caracas,,Venezuela,R,R,DET,"Detroit, Michigan","Wayne, Michigan",RF,2005,2009,5,75000000,33,DET,AL,157,7.3,13200000.0,0,0,0,9,9,9
956,191,"Magglio Ordonez, 2008",Magglio Ordonez,2008,Caracas,,Venezuela,R,R,DET,"Detroit, Michigan","Wayne, Michigan",RF,2005,2009,5,75000000,34,DET,AL,146,2.1,15768174.0,0,0,0,9,9,9
957,191,"Magglio Ordonez, 2009",Magglio Ordonez,2009,Caracas,,Venezuela,R,R,DET,"Detroit, Michigan","Wayne, Michigan",RF,2005,2009,5,75000000,35,DET,AL,131,0.8,18971596.0,0,0,0,9,9,9
958,191,"Pedro Martinez, 1998",Pedro Martinez,1998,"Manoguayabo, Santo Domingo",,Dominican Republic,R,R,BOS,"Boston, Massachusetts","Suffolk, Massachusetts",SP,1998,2003,6,75000000,26,BOS,AL,33,7.3,7575000.0,0,0,0,3,3,1
959,191,"Pedro Martinez, 1999",Pedro Martinez,1999,"Manoguayabo, Santo Domingo",,Dominican Republic,R,R,BOS,"Boston, Massachusetts","Suffolk, Massachusetts",SP,1998,2003,6,75000000,27,BOS,AL,31,9.8,11100000.0,0,0,0,3,3,1
960,191,"Pedro Martinez, 2000",Pedro Martinez,2000,"Manoguayabo, Santo Domingo",,Dominican Republic,R,R,BOS,"Boston, Massachusetts","Suffolk, Massachusetts",SP,1998,2003,6,75000000,28,BOS,AL,29,11.7,11500000.0,0,0,0,3,3,1
961,191,"Pedro Martinez, 2001",Pedro Martinez,2001,"Manoguayabo, Santo Domingo",,Dominican Republic,R,R,BOS,"Boston, Massachusetts","Suffolk, Massachusetts",SP,1998,2003,6,75000000,29,BOS,AL,18,5.1,13000000.0,0,0,0,3,3,1
962,191,"Pedro Martinez, 2002",Pedro Martinez,2002,"Manoguayabo, Santo Domingo",,Dominican Republic,R,R,BOS,"Boston, Massachusetts","Suffolk, Massachusetts",SP,1998,2003,6,75000000,30,BOS,AL,30,6.5,14000000.0,0,0,0,3,3,1
963,191,"Pedro Martinez, 2003",Pedro Martinez,2003,"Manoguayabo, Santo Domingo",,Dominican Republic,R,R,BOS,"Boston, Massachusetts","Suffolk, Massachusetts",SP,1998,2003,6,75000000,31,BOS,AL,29,8.0,15500000.0,0,0,0,3,3,1
965,191,"Yadier Molina, 2013",Yadier Molina,2013,"Bayamón, Puerto Rico",,Puerto Rico,R,R,STL,"St. Louis, Missouri","St. Louis, Missouri",C,2013,2018,5,75000000,30,STL,NL,136,6.2,14000000.0,1,0,0,25,25,2
966,191,"Yadier Molina, 2014",Yadier Molina,2014,"Bayamón, Puerto Rico",,Puerto Rico,R,R,STL,"St. Louis, Missouri","St. Louis, Missouri",C,2013,2018,5,75000000,31,STL,NL,110,3.2,15000000.0,1,0,0,25,25,2
967,191,"Yadier Molina, 2015",Yadier Molina,2015,"Bayamón, Puerto Rico",,Puerto Rico,R,R,STL,"St. Louis, Missouri","St. Louis, Missouri",C,2013,2018,5,75000000,32,STL,NL,136,1.6,15000000.0,1,0,0,25,25,2
968,191,"Yadier Molina, 2016",Yadier Molina,2016,"Bayamón, Puerto Rico",,Puerto Rico,R,R,STL,"St. Louis, Missouri","St. Louis, Missouri",C,2013,2018,5,75000000,33,STL,NL,147,3.0,14000000.0,1,0,0,25,25,2
969,191,"Yadier Molina, 2017",Yadier Molina,2017,"Bayamón, Puerto Rico",,Puerto Rico,R,R,STL,"St. Louis, Missouri","St. Louis, Missouri",C,2013,2018,5,75000000,34,STL,NL,136,1.7,14000000.0,1,0,0,25,25,2
970,191,"Yadier Molina, 2018",Yadier Molina,2018,"Bayamón, Puerto Rico",,Puerto Rico,R,R,STL,"St. Louis, Missouri","St. Louis, Missouri",C,2013,2018,5,75000000,35,STL,NL,123,1.5,20000000.0,1,0,0,25,25,2
971,191,"Yoenis Cespedes, 2016",Yoenis Cespedes,2016,Campechuela,,Cuba,R,R,NYM,"Flushing, Queens","Queens, New York",LF,2016,2016,3,75000000,30,NYM,NL,132,3.0,27500000.0,1,0,0,17,17,7
979,206,"Yasmani Grandal, 2020",Yasmani Grandal,2020,Havana,,Cuba,S,R,CHW,"Chicago, Illinois","DuPage, Illinois",C,2020,2023,4,73000000,31,CHW,AL,46,0.9,18250000.0,0,2,0,5,5,2
980,206,"Yasmani Grandal, 2021",Yasmani Grandal,2021,Havana,,Cuba,S,R,CHW,"Chicago, Illinois","DuPage, Illinois",C,2020,2023,4,73000000,32,CHW,AL,93,3.7,18250000.0,0,2,0,5,5,2
981,206,"Yasmani Grandal, 2022",Yasmani Grandal,2022,Havana,,Cuba,S,R,CHW,"Chicago, Illinois","DuPage, Illinois",C,2020,2023,4,73000000,33,CHW,AL,99,-1.4,18250000.0,0,2,0,5,5,2
982,206,"Yasmani Grandal, 2023",Yasmani Grandal,2023,Havana,,Cuba,S,R,CHW,"Chicago, Illinois","DuPage, Illinois",C,2020,2023,4,73000000,34,CHW,AL,97,-0.1,18250000.0,0,2,0,5,5,2
986,218,"Hanley Ramirez, 2013",Hanley Ramirez,2013,Samaná,,Dominican Republic,R,R,MIA,"Miami, Florida","Miami-Dade, Florida",1B,2009,2014,6,70000000,29,LAD,NL,86,5.2,15500000.0,1,0,0,14,13,3
987,218,"Hanley Ramirez, 2014",Hanley Ramirez,2014,Samaná,,Dominican Republic,R,R,MIA,"Miami, Florida","Miami-Dade, Florida",1B,2009,2014,6,70000000,30,LAD,NL,128,3.7,16000000.0,1,0,0,14,13,3
1005,212,"Miguel Tejada, 2004",Miguel Tejada,2004,Baní,,Dominican Republic,R,R,BAL,"Baltimore, Maryland","Baltimore, Maryland",2B,2004,2009,6,72000000,30,BAL,AL,162,7.4,5000000.0,0,0,0,2,2,4
1006,212,"Miguel Tejada, 2005",Miguel Tejada,2005,Baní,,Dominican Republic,R,R,BAL,"Baltimore, Maryland","Baltimore, Maryland",3B,2004,2009,6,72000000,31,BAL,AL,162,5.9,11000000.0,0,0,0,2,2,5
1007,212,"Miguel Tejada, 2006",Miguel Tejada,2006,Baní,,Dominican Republic,R,R,BAL,"Baltimore, Maryland","Baltimore, Maryland",2B,2004,2009,6,72000000,32,BAL,AL,162,4.5,11811415.0,0,0,0,2,2,4
1008,212,"Miguel Tejada, 2007",Miguel Tejada,2007,Baní,,Dominican Republic,R,R,BAL,"Baltimore, Maryland","Baltimore, Maryland",2B,2004,2009,6,72000000,33,BAL,AL,133,2.3,13811415.0,0,0,0,2,2,4
1009,212,"Miguel Tejada, 2008",Miguel Tejada,2008,Baní,,Dominican Republic,R,R,BAL,"Baltimore, Maryland","Baltimore, Maryland",2B,2004,2009,6,72000000,34,HOU,NL,158,1.9,14811414.0,1,0,0,2,10,4
1010,212,"Miguel Tejada, 2009",Miguel Tejada,2009,Baní,,Dominican Republic,R,R,BAL,"Baltimore, Maryland","Baltimore, Maryland",2B,2004,2009,6,72000000,35,HOU,NL,158,1.9,14811414.0,1,0,0,2,10,4
1011,212,"Sammy Sosa, 2002",Sammy Sosa,2002,San Pedro de Macorís,,Venezuela,R,R,CHC,"Chicago, Illinois","Cook, Illinois",OF,2002,2005,4,72000000,33,CHC,NL,150,5.8,15000000.0,1,0,0,4,4,11
1012,212,"Sammy Sosa, 2003",Sammy Sosa,2003,San Pedro de Macorís,,Venezuela,R,R,CHC,"Chicago, Illinois","Cook, Illinois",OF,2002,2005,4,72000000,34,CHC,NL,137,2.7,16000000.0,1,0,0,4,4,11
1013,212,"Sammy Sosa, 2004",Sammy Sosa,2004,San Pedro de Macorís,,Venezuela,R,R,CHC,"Chicago, Illinois","Cook, Illinois",OF,2002,2005,4,72000000,35,CHC,NL,126,1.3,16000000.0,1,0,0,4,4,11
1014,212,"Sammy Sosa, 2005",Sammy Sosa,2005,San Pedro de Macorís,,Venezuela,R,R,CHC,"Chicago, Illinois","Cook, Illinois",OF,2002,2005,4,72000000,36,BAL,AL,102,-1.0,17000000.0,0,0,0,4,2,11
1024,218,"Hanley Ramirez, 2009",Hanley Ramirez,2009,Samaná,,Dominican Republic,R,R,MIA,"Miami, Florida","Miami-Dade, Florida",1B,2009,2014,6,70000000,25,FLA,NL,151,7.3,5500000.0,1,0,0,14,31,3
1025,218,"Hanley Ramirez, 2010",Hanley Ramirez,2010,Samaná,,Dominican Republic,R,R,MIA,"Miami, Florida","Miami-Dade, Florida",2B,2009,2014,6,70000000,26,FLA,NL,142,2.8,7000000.0,1,0,0,14,31,4
1026,218,"Hanley Ramirez, 2011",Hanley Ramirez,2011,Samaná,,Dominican Republic,R,R,MIA,"Miami, Florida","Miami-Dade, Florida",3B,2009,2014,6,70000000,27,FLA,NL,92,0.2,11000000.0,1,0,0,14,31,5
1027,230,"Carlos Delgado, 2004",Carlos Delgado,2004,"Aguadilla, Puerto Rico",,Puerto Rico,L,R,TOR,"Toronto, Canada","Niagara, New York",1B,2001,2004,4,68000000,32,TOR,AL,128,2.9,19700000.0,0,1,0,28,28,3
1028,230,"Jose Abreu, 2017",Jose Abreu,2017,Cienfuegos,,Cuba,R,R,CHW,"Chicago, Illinois","DuPage, Illinois",1B,2014,2017,6,68000000,30,CHW,AL,156,4.9,10825000.0,0,0,0,5,5,3
1039,218,"Jean Segura, 2018",Jean Segura,2018,San Juan de la Maguana,,Dominican Republic,R,R,SEA,"Seattle, Washington","King, Washington",3B,2018,2023,5,70000000,28,SEA,AL,144,3.7,9600000.0,0,0,0,23,23,5
1040,218,"Jean Segura, 2019",Jean Segura,2019,San Juan de la Maguana,,Dominican Republic,R,R,SEA,"Seattle, Washington","King, Washington",3B,2018,2023,5,70000000,29,PHI,NL,144,1.7,14850000.0,1,0,0,23,20,5
1041,218,"Jean Segura, 2020",Jean Segura,2020,San Juan de la Maguana,,Dominican Republic,R,R,SEA,"Seattle, Washington","King, Washington",3B,2018,2023,5,70000000,30,PHI,NL,54,1.2,14850000.0,1,0,0,23,20,5
1042,218,"Jean Segura, 2021",Jean Segura,2021,San Juan de la Maguana,,Dominican Republic,R,R,SEA,"Seattle, Washington","King, Washington",3B,2018,2023,5,70000000,31,PHI,NL,131,3.7,14850000.0,1,0,0,23,20,5
1043,218,"Jean Segura, 2022",Jean Segura,2022,San Juan de la Maguana,,Dominican Republic,R,R,SEA,"Seattle, Washington","King, Washington",3B,2018,2023,5,70000000,32,PHI,NL,98,1.8,14850000.0,1,0,0,23,20,5
1044,218,"Jean Segura, 2023",Jean Segura,2023,San Juan de la Maguana,,Dominican Republic,R,R,SEA,"Seattle, Washington","King, Washington",3B,2018,2023,5,70000000,33,MIA,NL,85,-1.8,6500000.0,1,0,0,23,14,5
1049,218,"Vladimir Guerrero, 2004",Vladimir Guerrero,2004,Nizao,,Dominican Republic,R,R,LAA,"Anaheim, California","Orange, California",RF,2004,2009,5,70000000,29,ANA,AL,156,5.6,11000000.0,0,0,0,12,30,9
1050,218,"Vladimir Guerrero, 2005",Vladimir Guerrero,2005,Nizao,,Dominican Republic,R,R,LAA,"Anaheim, California","Orange, California",RF,2004,2009,5,70000000,30,LAA,AL,141,5.7,12500000.0,0,0,0,12,12,9
1051,218,"Vladimir Guerrero, 2006",Vladimir Guerrero,2006,Nizao,,Dominican Republic,R,R,LAA,"Anaheim, California","Orange, California",RF,2004,2009,5,70000000,31,LAA,AL,156,3.8,13500000.0,0,0,0,12,12,9
1052,218,"Vladimir Guerrero, 2007",Vladimir Guerrero,2007,Nizao,,Dominican Republic,R,R,LAA,"Anaheim, California","Orange, California",RF,2004,2009,5,70000000,32,LAA,AL,150,4.6,14500000.0,0,0,0,12,12,9
1053,218,"Vladimir Guerrero, 2008",Vladimir Guerrero,2008,Nizao,,Dominican Republic,R,R,LAA,"Anaheim, California","Orange, California",RF,2004,2009,5,70000000,33,LAA,AL,143,2.4,15500000.0,0,0,0,12,12,9
1054,218,"Vladimir Guerrero, 2009",Vladimir Guerrero,2009,Nizao,,Dominican Republic,R,R,LAA,"Anaheim, California","Orange, California",RF,2004,2009,5,70000000,34,LAA,AL,100,0.7,15000000.0,0,0,0,12,12,9
1055,218,"Yoan Moncada, 2020",Yoan Moncada,2020,Cienfuegos,,Cuba,S,R,CHW,"Chicago, Illinois","DuPage, Illinois",3B,2020,2025,5,70000000,25,CHW,AL,52,0.6,1800000.0,0,2,0,5,5,5
1056,218,"Yoan Moncada, 2021",Yoan Moncada,2021,Cienfuegos,,Cuba,S,R,CHW,"Chicago, Illinois","DuPage, Illinois",3B,2020,2025,5,70000000,26,CHW,AL,144,4.0,6800000.0,0,2,0,5,5,5
1057,218,"Yoan Moncada, 2022",Yoan Moncada,2022,Cienfuegos,,Cuba,S,R,CHW,"Chicago, Illinois","DuPage, Illinois",3B,2020,2025,5,70000000,27,CHW,AL,104,0.9,13800000.0,0,2,0,5,5,5
1058,218,"Yoan Moncada, 2023",Yoan Moncada,2023,Cienfuegos,,Cuba,S,R,CHW,"Chicago, Illinois","DuPage, Illinois",3B,2020,2025,5,70000000,28,CHW,AL,55,-0.6,17800000.0,0,2,0,5,5,5
1068,229,"Yasmany Tomas, 2015",Yasmany Tomas,2015,Havana,,Cuba,R,R,ARI,"Phoenix, Arizona","Maricopa County, Arizona",LF,2015,2020,6,68500000,24,ARI,NL,118,-1.0,5500000.0,1,0,0,0,0,7
1069,229,"Yasmany Tomas, 2016",Yasmany Tomas,2016,Havana,,Cuba,R,R,ARI,"Phoenix, Arizona","Maricopa County, Arizona",LF,2015,2020,6,68500000,25,ARI,NL,140,-0.9,7500000.0,1,0,0,0,0,7
1070,229,"Yasmany Tomas, 2017",Yasmany Tomas,2017,Havana,,Cuba,R,R,ARI,"Phoenix, Arizona","Maricopa County, Arizona",LF,2015,2020,6,68500000,26,ARI,NL,47,-0.4,9500000.0,1,0,0,0,0,7
1071,229,"Yasmany Tomas, 2019",Yasmany Tomas,2019,Havana,,Cuba,R,R,ARI,"Phoenix, Arizona","Maricopa County, Arizona",LF,2015,2020,6,68500000,28,ARI,NL,4,-0.2,15500000.0,1,0,0,0,0,7
1072,230,"Carlos Delgado, 2001",Carlos Delgado,2001,"Aguadilla, Puerto Rico",,Puerto Rico,L,R,TOR,"Toronto, Canada","Niagara, New York",1B,2001,2004,4,68000000,29,TOR,AL,162,4.5,13650000.0,0,1,0,28,28,3
1073,230,"Carlos Delgado, 2002",Carlos Delgado,2002,"Aguadilla, Puerto Rico",,Puerto Rico,L,R,TOR,"Toronto, Canada","Niagara, New York",2B,2001,2004,4,68000000,30,TOR,AL,143,4.9,19400000.0,0,1,0,28,28,4
1074,230,"Carlos Delgado, 2003",Carlos Delgado,2003,"Aguadilla, Puerto Rico",,Puerto Rico,L,R,TOR,"Toronto, Canada","Niagara, New York",3B,2001,2004,4,68000000,31,TOR,AL,161,5.9,18700000.0,0,1,0,28,28,5
1077,230,"Jose Abreu, 2014",Jose Abreu,2014,Cienfuegos,,Cuba,R,R,CHW,"Chicago, Illinois","DuPage, Illinois",1B,2014,2017,6,68000000,27,CHW,AL,145,5.8,7000000.0,0,0,0,5,5,3
1078,230,"Jose Abreu, 2015",Jose Abreu,2015,Cienfuegos,,Cuba,R,R,CHW,"Chicago, Illinois","DuPage, Illinois",2B,2014,2017,6,68000000,28,CHW,AL,154,3.5,8666000.0,0,0,0,5,5,4
1079,230,"Jose Abreu, 2016",Jose Abreu,2016,Cienfuegos,,Cuba,R,R,CHW,"Chicago, Illinois","DuPage, Illinois",3B,2014,2017,6,68000000,29,CHW,AL,159,3.1,13334000.0,0,0,0,5,5,5
1080,264,"Carlos Santana, 2021",Carlos Santana,2021,Santo Domingo,,Dominican Republic,S,R,PHI,"Philadelphia, Pennsylvania","Philadelphia, Pennsylvania",1B,2018,2021,3,60000000,35,KCR,AL,158,-0.1,7000000.0,0,2,0,20,11,3
1093,230,"Victor Martinez, 2015",Victor Martinez,2015,Ciudad Bolívar,,Venezuela,S,R,DET,"Detroit, Michigan","Wayne, Michigan",DH,2015,2018,4,68000000,36,DET,AL,120,-1.8,14000000.0,0,2,0,9,9,10
1094,230,"Victor Martinez, 2016",Victor Martinez,2016,Ciudad Bolívar,,Venezuela,S,R,DET,"Detroit, Michigan","Wayne, Michigan",DH,2015,2018,4,68000000,37,DET,AL,154,1.5,18000000.0,0,2,0,9,9,10
1095,230,"Victor Martinez, 2017",Victor Martinez,2017,Ciudad Bolívar,,Venezuela,S,R,DET,"Detroit, Michigan","Wayne, Michigan",DH,2015,2018,4,68000000,38,DET,AL,107,-0.5,18000000.0,0,2,0,9,9,10
1096,230,"Victor Martinez, 2018",Victor Martinez,2018,Ciudad Bolívar,,Venezuela,S,R,DET,"Detroit, Michigan","Wayne, Michigan",DH,2015,2018,4,68000000,39,DET,AL,133,-1.3,18000000.0,0,2,0,9,9,10
1110,238,"Eugenio Suarez, 2018",Eugenio Suarez,2018,Ciudad Guayana,,Venezuela,R,R,CIN,"Cincinnati, Ohio","Hamilton, Ohio",3B,2018,2025,6,66000000,26,CIN,NL,143,4.0,2535714.0,1,0,0,6,6,5
1111,238,"Eugenio Suarez, 2019",Eugenio Suarez,2019,Ciudad Guayana,,Venezuela,R,R,CIN,"Cincinnati, Ohio","Hamilton, Ohio",3B,2018,2025,6,66000000,27,CIN,NL,159,3.4,7285714.0,1,0,0,6,6,5
1112,238,"Eugenio Suarez, 2020",Eugenio Suarez,2020,Ciudad Guayana,,Venezuela,R,R,CIN,"Cincinnati, Ohio","Hamilton, Ohio",3B,2018,2025,6,66000000,28,CIN,NL,57,0.6,9535714.0,1,0,0,6,6,5
1113,238,"Eugenio Suarez, 2021",Eugenio Suarez,2021,Ciudad Guayana,,Venezuela,R,R,CIN,"Cincinnati, Ohio","Hamilton, Ohio",3B,2018,2025,6,66000000,29,CIN,NL,145,-0.5,10785714.0,1,0,0,6,6,5
1114,238,"Eugenio Suarez, 2022",Eugenio Suarez,2022,Ciudad Guayana,,Venezuela,R,R,CIN,"Cincinnati, Ohio","Hamilton, Ohio",3B,2018,2025,6,66000000,30,SEA,AL,150,3.9,0.0,0,0,0,6,23,5
1115,238,"Eugenio Suarez, 2023",Eugenio Suarez,2023,Ciudad Guayana,,Venezuela,R,R,CIN,"Cincinnati, Ohio","Hamilton, Ohio",3B,2018,2025,6,66000000,31,SEA,AL,118,1.3,0.0,0,0,0,6,23,5
1116,238,"Jason Bay, 2010",Jason Bay,2010,"Trail, British Columbia",,Canada,R,R,NYM,"Flushing, Queens","Queens, New York",RF,2010,2012,4,66000000,31,NYM,NL,95,1.8,8625000.0,1,0,0,17,17,9
1117,238,"Jason Bay, 2011",Jason Bay,2011,"Trail, British Columbia",,Canada,R,R,NYM,"Flushing, Queens","Queens, New York",RF,2010,2012,4,66000000,32,NYM,NL,123,1.0,18125000.0,1,0,0,17,17,9
1118,238,"Jason Bay, 2012",Jason Bay,2012,"Trail, British Columbia",,Canada,R,R,NYM,"Flushing, Queens","Queens, New York",RF,2010,2012,4,66000000,33,NYM,NL,70,-1.0,16000000.0,1,0,0,17,17,9
1126,320,"Carlos Delgado, 2008",Carlos Delgado,2008,"Aguadilla, Puerto Rico",,Puerto Rico,L,R,MIA,"Miami, Florida","Miami-Dade, Florida",1B,2005,2009,4,52000000,36,NYM,NL,159,1.3,16000000.0,1,1,0,14,17,3
1132,242,"Jose Bautista, 2011",Jose Bautista,2011,Santo Domingo,,Dominican Republic,R,R,TOR,"Toronto, Canada","Niagara, New York",RF,2011,2016,5,65000000,30,TOR,AL,149,8.3,8000000.0,0,0,0,28,28,9
1133,242,"Jose Bautista, 2012",Jose Bautista,2012,Santo Domingo,,Dominican Republic,R,R,TOR,"Toronto, Canada","Niagara, New York",RF,2011,2016,5,65000000,31,TOR,AL,92,3.8,14000000.0,0,0,0,28,28,9
1134,242,"Jose Bautista, 2013",Jose Bautista,2013,Santo Domingo,,Dominican Republic,R,R,TOR,"Toronto, Canada","Niagara, New York",RF,2011,2016,5,65000000,32,TOR,AL,118,4.5,14000000.0,0,0,0,28,28,9
1135,242,"Marcell Ozuna, 2021",Marcell Ozuna,2021,Santo Domingo,,Dominican Republic,R,R,ATL,"Atlanta, Georgia","Fulton, Georgia",DH,2021,2025,4,65000000,30,ATL,NL,48,-0.1,12000000.0,1,0,0,1,1,10
1136,242,"Marcell Ozuna, 2022",Marcell Ozuna,2022,Santo Domingo,,Dominican Republic,R,R,ATL,"Atlanta, Georgia","Fulton, Georgia",DH,2021,2025,4,65000000,31,ATL,NL,124,-0.8,16000000.0,1,0,0,1,1,10
1137,242,"Marcell Ozuna, 2023",Marcell Ozuna,2023,Santo Domingo,,Dominican Republic,R,R,ATL,"Atlanta, Georgia","Fulton, Georgia",DH,2021,2025,4,65000000,32,ATL,NL,102,0.7,18000000.0,1,0,0,1,1,10
1138,247,"Wei-Yin Chen, 2016",Wei-Yin Chen,2016,Kaohsiung,,Taiwan,R,L,MIA,"Miami, Florida","Miami-Dade, Florida",SP,2016,2022,7,64500000,30,MIA,NL,22,-0.1,12500000.0,1,0,1,14,14,1
1139,247,"Wei-Yin Chen, 2017",Wei-Yin Chen,2017,Kaohsiung,,Taiwan,R,L,MIA,"Miami, Florida","Miami-Dade, Florida",SP,2016,2022,7,64500000,31,MIA,NL,9,0.4,15500000.0,1,0,1,14,14,1
1140,247,"Wei-Yin Chen, 2018",Wei-Yin Chen,2018,Kaohsiung,,Taiwan,R,L,MIA,"Miami, Florida","Miami-Dade, Florida",SP,2016,2022,7,64500000,32,MIA,NL,26,0.2,10000000.0,1,0,1,14,14,1
1141,247,"Wei-Yin Chen, 2019",Wei-Yin Chen,2019,Kaohsiung,,Taiwan,R,L,MIA,"Miami, Florida","Miami-Dade, Florida",SP,2016,2022,7,64500000,33,MIA,NL,45,-1.0,20000000.0,1,0,1,14,14,1
1152,250,"Adrian Beltre, 2005",Adrian Beltre,2005,Santo Domingo,,Dominican Republic,R,R,SEA,"Seattle, Washington","King, Washington",3B,2005,2009,5,64000000,26,SEA,AL,156,3.2,11400000.0,0,0,0,23,23,5
1153,250,"Adrian Beltre, 2006",Adrian Beltre,2006,Santo Domingo,,Dominican Republic,R,R,SEA,"Seattle, Washington","King, Washington",3B,2005,2009,5,64000000,27,SEA,AL,156,5.4,12900000.0,0,0,0,23,23,5
1154,250,"Adrian Beltre, 2007",Adrian Beltre,2007,Santo Domingo,,Dominican Republic,R,R,SEA,"Seattle, Washington","King, Washington",3B,2005,2009,5,64000000,28,SEA,AL,149,3.8,12900000.0,0,0,0,23,23,5
1155,250,"Adrian Beltre, 2008",Adrian Beltre,2008,Santo Domingo,,Dominican Republic,R,R,SEA,"Seattle, Washington","King, Washington",3B,2005,2009,5,64000000,29,SEA,AL,143,5.6,13400000.0,0,0,0,23,23,5
1156,250,"Adrian Beltre, 2009",Adrian Beltre,2009,Santo Domingo,,Dominican Republic,R,R,SEA,"Seattle, Washington","King, Washington",3B,2005,2009,5,64000000,30,SEA,AL,111,3.3,13400000.0,0,0,0,23,23,5
1157,250,"Bobby Abreu, 2003",Bobby Abreu,2003,Maracay,,Venezuela,L,R,PHI,"Philadelphia, Pennsylvania","Philadelphia, Pennsylvania",LF,2003,2008,5,64000000,29,PHI,NL,158,5.4,9100000.0,1,1,0,20,20,7
1158,250,"Bobby Abreu, 2004",Bobby Abreu,2004,Maracay,,Venezuela,L,R,PHI,"Philadelphia, Pennsylvania","Philadelphia, Pennsylvania",LF,2003,2008,5,64000000,30,PHI,NL,159,6.6,10600000.0,1,1,0,20,20,7
1159,250,"Bobby Abreu, 2005",Bobby Abreu,2005,Maracay,,Venezuela,L,R,PHI,"Philadelphia, Pennsylvania","Philadelphia, Pennsylvania",LF,2003,2008,5,64000000,31,PHI,NL,162,3.6,13100000.0,1,1,0,20,20,7
1160,250,"Bobby Abreu, 2006",Bobby Abreu,2006,Maracay,,Venezuela,L,R,PHI,"Philadelphia, Pennsylvania","Philadelphia, Pennsylvania",LF,2003,2008,5,64000000,32,PHI,NL,98,2.0,13600000.0,1,1,0,20,20,7
1161,250,"Bobby Abreu, 2006",Bobby Abreu,2006,Maracay,,Venezuela,L,R,PHI,"Philadelphia, Pennsylvania","Philadelphia, Pennsylvania",LF,2003,2008,5,64000000,32,NYY,AL,58,1.9,0.0,0,1,0,20,18,7
1162,250,"Bobby Abreu, 2007",Bobby Abreu,2007,Maracay,,Venezuela,L,R,PHI,"Philadelphia, Pennsylvania","Philadelphia, Pennsylvania",LF,2003,2008,5,64000000,33,NYY,AL,158,2.4,15000000.0,0,1,0,20,18,7
1163,250,"Bobby Abreu, 2008",Bobby Abreu,2008,Maracay,,Venezuela,L,R,PHI,"Philadelphia, Pennsylvania","Philadelphia, Pennsylvania",LF,2003,2008,5,64000000,34,NYY,AL,156,2.7,16000000.0,0,1,0,20,18,7
1164,250,"Cristian Javier, 2023",Cristian Javier,2023,Santo Domingo,,Dominican Republic,R,R,HOU,"Houston, Texas","Harris, Texas",SP,2023,2027,5,64000000,26,HOU,AL,22,1.3,3400000.0,0,0,0,10,10,1
1183,258,"Hector Olivera, 2015",Hector Olivera,2015,Santiago de Cuba,,Cuba,R,R,LAD,"Los Angeles, California","Los Angeles, California",LF,2015,2020,6,62500000,30,ATL,NL,24,-0.1,0.0,1,0,0,13,1,7
1184,258,"Hector Olivera, 2016",Hector Olivera,2016,Santiago de Cuba,,Cuba,R,R,LAD,"Los Angeles, California","Los Angeles, California",LF,2015,2020,6,62500000,31,ATL,NL,6,-0.3,0.0,1,0,0,13,1,7
1205,264,"Yadier Molina, 2018",Yadier Molina,2018,"Bayamón, Puerto Rico",,Puerto Rico,R,R,STL,"St. Louis, Missouri","St. Louis, Missouri",C,2018,2020,3,60000000,35,STL,NL,123,1.5,20000000.0,1,0,0,25,25,2
1216,264,"Carlos Santana, 2018",Carlos Santana,2018,Santo Domingo,,Dominican Republic,S,R,PHI,"Philadelphia, Pennsylvania","Philadelphia, Pennsylvania",1B,2018,2021,3,60000000,32,PHI,NL,161,2.0,18333333.0,1,2,0,20,20,3
1217,264,"Carlos Santana, 2019",Carlos Santana,2019,Santo Domingo,,Dominican Republic,S,R,PHI,"Philadelphia, Pennsylvania","Philadelphia, Pennsylvania",2B,2018,2021,3,60000000,33,CLE,AL,158,4.5,20333333.0,0,2,0,20,7,4
1218,264,"Carlos Santana, 2020",Carlos Santana,2020,Santo Domingo,,Dominican Republic,S,R,PHI,"Philadelphia, Pennsylvania","Philadelphia, Pennsylvania",3B,2018,2021,3,60000000,34,CLE,AL,60,1.1,20833334.0,0,2,0,20,7,5
1219,320,"Carlos Delgado, 2009",Carlos Delgado,2009,"Aguadilla, Puerto Rico",,Puerto Rico,L,R,MIA,"Miami, Florida","Miami-Dade, Florida",1B,2005,2009,4,52000000,37,NYM,NL,26,0.6,12000000.0,1,1,0,14,17,3
1232,264,"Edwin Encarnacion, 2017",Edwin Encarnacion,2017,"La Romana, Dominican Republic",,Dominican Republic,R,R,CLE,"Cleveland, Ohio","Cuyahoga, Ohio",DH,2017,2020,3,60000000,34,CLE,AL,157,2.8,14666000.0,0,0,0,7,7,10
1233,264,"Edwin Encarnacion, 2018",Edwin Encarnacion,2018,"La Romana, Dominican Republic",,Dominican Republic,R,R,CLE,"Cleveland, Ohio","Cuyahoga, Ohio",DH,2017,2020,3,60000000,35,CLE,AL,137,1.9,18667000.0,0,0,0,7,7,10
1234,264,"Edwin Encarnacion, 2019",Edwin Encarnacion,2019,"La Romana, Dominican Republic",,Dominican Republic,R,R,CLE,"Cleveland, Ohio","Cuyahoga, Ohio",DH,2017,2020,3,60000000,36,SEA,AL,65,2.1,0.0,0,0,0,7,23,10
1235,264,"Edwin Encarnacion, 2019",Edwin Encarnacion,2019,"La Romana, Dominican Republic",,Dominican Republic,R,R,CLE,"Cleveland, Ohio","Cuyahoga, Ohio",DH,2017,2020,3,60000000,36,NYY,AL,44,0.7,0.0,0,0,0,7,18,10
1236,264,"Edwin Encarnacion, 2020",Edwin Encarnacion,2020,"La Romana, Dominican Republic",,Dominican Republic,R,R,CLE,"Cleveland, Ohio","Cuyahoga, Ohio",DH,2017,2020,3,60000000,37,CHW,AL,44,-0.3,12000000.0,0,0,0,7,5,10
1249,264,"Miguel Montero, 2013",Miguel Montero,2013,Caracas,,Venezuela,L,R,ARI,"Phoenix, Arizona","Maricopa County, Arizona",C,2013,2017,5,60000000,29,ARI,NL,116,0.3,10000000.0,1,1,0,0,0,2
1250,264,"Miguel Montero, 2014",Miguel Montero,2014,Caracas,,Venezuela,L,R,ARI,"Phoenix, Arizona","Maricopa County, Arizona",C,2013,2017,5,60000000,30,ARI,NL,136,1.0,10000000.0,1,1,0,0,0,2
1251,264,"Miguel Montero, 2015",Miguel Montero,2015,Caracas,,Venezuela,L,R,ARI,"Phoenix, Arizona","Maricopa County, Arizona",C,2013,2017,5,60000000,31,CHC,NL,113,1.8,12000000.0,1,1,0,0,4,2
1252,264,"Miguel Montero, 2016",Miguel Montero,2016,Caracas,,Venezuela,L,R,ARI,"Phoenix, Arizona","Maricopa County, Arizona",C,2013,2017,5,60000000,32,CHC,NL,86,-0.3,14000000.0,1,1,0,0,4,2
1253,264,"Miguel Montero, 2017",Miguel Montero,2017,Caracas,,Venezuela,L,R,ARI,"Phoenix, Arizona","Maricopa County, Arizona",C,2013,2017,5,60000000,33,CHC,NL,44,0.2,14000000.0,1,1,0,0,4,2
1254,264,"Miguel Montero, 2017",Miguel Montero,2017,Caracas,,Venezuela,L,R,ARI,"Phoenix, Arizona","Maricopa County, Arizona",C,2013,2017,5,60000000,33,TOR,AL,32,-0.6,0.0,0,1,0,0,28,2
1263,264,"Starlin Castro, 2013",Starlin Castro,2013,Monte Cristi Province,,Dominican Republic,R,R,CHC,"Chicago, Illinois","Cook, Illinois",2B,2013,2020,7,60000000,23,CHC,NL,161,-0.5,5000000.0,1,0,0,4,4,4
1264,264,"Starlin Castro, 2014",Starlin Castro,2014,Monte Cristi Province,,Dominican Republic,R,R,CHC,"Chicago, Illinois","Cook, Illinois",3B,2013,2020,7,60000000,24,CHC,NL,134,2.4,5000000.0,1,0,0,4,4,5
1265,264,"Starlin Castro, 2015",Starlin Castro,2015,Monte Cristi Province,,Dominican Republic,R,R,CHC,"Chicago, Illinois","Cook, Illinois",2B,2013,2020,7,60000000,25,CHC,NL,151,0.4,6857143.0,1,0,0,4,4,4
1266,264,"Starlin Castro, 2016",Starlin Castro,2016,Monte Cristi Province,,Dominican Republic,R,R,CHC,"Chicago, Illinois","Cook, Illinois",2B,2013,2020,7,60000000,26,NYY,AL,151,1.2,7857143.0,0,0,0,4,18,4
1267,264,"Starlin Castro, 2017",Starlin Castro,2017,Monte Cristi Province,,Dominican Republic,R,R,CHC,"Chicago, Illinois","Cook, Illinois",2B,2013,2020,7,60000000,27,NYY,AL,112,2.0,9857143.0,0,0,0,4,18,4
1268,264,"Starlin Castro, 2018",Starlin Castro,2018,Monte Cristi Province,,Dominican Republic,R,R,CHC,"Chicago, Illinois","Cook, Illinois",2B,2013,2020,7,60000000,28,MIA,NL,154,1.7,10857143.0,1,0,0,4,14,4
1269,264,"Starlin Castro, 2019",Starlin Castro,2019,Monte Cristi Province,,Dominican Republic,R,R,CHC,"Chicago, Illinois","Cook, Illinois",2B,2013,2020,7,60000000,29,MIA,NL,162,1.1,11857143.0,1,0,0,4,14,4
1270,264,"Starlin Castro, 2020",Starlin Castro,2020,Monte Cristi Province,,Dominican Republic,R,R,CHC,"Chicago, Illinois","Cook, Illinois",2B,2013,2020,7,60000000,30,WSN,NL,16,0.5,5000000.0,1,0,0,4,29,4
1271,264,"Yadier Molina, 2019",Yadier Molina,2019,"Bayamón, Puerto Rico",,Puerto Rico,R,R,STL,"St. Louis, Missouri","St. Louis, Missouri",C,2018,2020,3,60000000,36,STL,NL,113,1.3,20000000.0,1,0,0,25,25,2
1272,264,"Yadier Molina, 2020",Yadier Molina,2020,"Bayamón, Puerto Rico",,Puerto Rico,R,R,STL,"St. Louis, Missouri","St. Louis, Missouri",C,2018,2020,3,60000000,37,STL,NL,42,0.4,20000000.0,1,0,0,25,25,2
1273,264,"Yu Darvish, 2012",Yu Darvish,2012,Habikino,,Japan,R,R,TEX,"Arlington, Texas","Tarrant, Texas",SP,2012,2017,6,60000000,25,TEX,AL,29,3.5,5500000.0,0,0,0,27,27,1
1274,264,"Yu Darvish, 2013",Yu Darvish,2013,Habikino,,Japan,R,R,TEX,"Arlington, Texas","Tarrant, Texas",SP,2012,2017,6,60000000,26,TEX,AL,32,5.6,9500000.0,0,0,0,27,27,1
1275,264,"Yu Darvish, 2014",Yu Darvish,2014,Habikino,,Japan,R,R,TEX,"Arlington, Texas","Tarrant, Texas",SP,2012,2017,6,60000000,27,TEX,AL,22,3.5,10000000.0,0,0,0,27,27,1
1276,264,"Yu Darvish, 2016",Yu Darvish,2016,Habikino,,Japan,R,R,TEX,"Arlington, Texas","Tarrant, Texas",SP,2012,2017,6,60000000,29,TEX,AL,17,2.5,10000000.0,0,0,0,27,27,1
1277,264,"Yu Darvish, 2017",Yu Darvish,2017,Habikino,,Japan,R,R,TEX,"Arlington, Texas","Tarrant, Texas",SP,2012,2017,6,60000000,30,TEX,AL,22,3.4,11000000.0,0,0,0,27,27,1
1278,264,"Yu Darvish, 2017",Yu Darvish,2017,Habikino,,Japan,R,R,TEX,"Arlington, Texas","Tarrant, Texas",SP,2012,2017,6,60000000,30,LAD,NL,9,0.6,0.0,1,0,0,27,13,1
1279,279,"Jose Abreu, 2023",Jose Abreu,2023,Cienfuegos,,Cuba,R,R,HOU,"Houston, Texas","Harris, Texas",1B,2023,2025,3,58500000,36,HOU,AL,110,-1.0,19500000.0,0,0,0,10,10,3
1280,280,"Andrelton Simmons, 2014",Andrelton Simmons,2014,"Mundo Novo, Bahia",,Curaçao,R,R,ATL,"Atlanta, Georgia","Fulton, Georgia",SS,2014,2020,7,58000000,24,ATL,NL,146,2.6,1000000.0,1,0,0,1,1,6
1281,280,"Andrelton Simmons, 2015",Andrelton Simmons,2015,"Mundo Novo, Bahia",,Curaçao,R,R,ATL,"Atlanta, Georgia","Fulton, Georgia",SS,2014,2020,7,58000000,25,ATL,NL,147,4.5,3000000.0,1,0,0,1,1,6
1282,280,"Andrelton Simmons, 2016",Andrelton Simmons,2016,"Mundo Novo, Bahia",,Curaçao,R,R,ATL,"Atlanta, Georgia","Fulton, Georgia",SS,2014,2020,7,58000000,26,LAA,AL,124,4.4,6000000.0,0,0,0,1,12,6
1283,280,"Andrelton Simmons, 2017",Andrelton Simmons,2017,"Mundo Novo, Bahia",,Curaçao,R,R,ATL,"Atlanta, Georgia","Fulton, Georgia",SS,2014,2020,7,58000000,27,LAA,AL,158,7.9,8000000.0,0,0,0,1,12,6
1284,280,"Andrelton Simmons, 2018",Andrelton Simmons,2018,"Mundo Novo, Bahia",,Curaçao,R,R,ATL,"Atlanta, Georgia","Fulton, Georgia",SS,2014,2020,7,58000000,28,LAA,AL,146,5.7,11000000.0,0,0,0,1,12,6
1285,280,"Andrelton Simmons, 2019",Andrelton Simmons,2019,"Mundo Novo, Bahia",,Curaçao,R,R,ATL,"Atlanta, Georgia","Fulton, Georgia",SS,2014,2020,7,58000000,29,LAA,AL,103,1.5,13000000.0,0,0,0,1,12,6
1286,280,"Andrelton Simmons, 2020",Andrelton Simmons,2020,"Mundo Novo, Bahia",,Curaçao,R,R,ATL,"Atlanta, Georgia","Fulton, Georgia",SS,2014,2020,7,58000000,30,LAA,AL,30,0.5,15000000.0,0,0,0,1,12,6
1291,280,"Raisel Iglesias, 2022",Raisel Iglesias,2022,Isla de la Juventud,,Cuba,R,R,LAA,"Anaheim, California","Orange, California",RP,2022,2025,4,58000000,32,LAA,AL,39,0.2,10000000.0,0,0,0,12,12,0
1292,280,"Raisel Iglesias, 2022",Raisel Iglesias,2022,Isla de la Juventud,,Cuba,R,R,LAA,"Anaheim, California","Orange, California",RP,2022,2025,4,58000000,32,ATL,NL,28,1.4,0.0,1,0,0,12,1,0
1293,280,"Raisel Iglesias, 2023",Raisel Iglesias,2023,Isla de la Juventud,,Cuba,R,R,LAA,"Anaheim, California","Orange, California",RP,2022,2025,4,58000000,33,ATL,NL,39,0.6,0.0,1,0,0,12,1,0
1309,285,"Nelson Cruz, 2015",Nelson Cruz,2015,Las Matas de Santa Cruz,,Dominican Republic,R,R,SEA,"Seattle, Washington","King, Washington",DH,2015,2018,4,57000000,34,SEA,AL,152,5.1,14250000.0,0,0,0,23,23,10
1310,285,"Nelson Cruz, 2016",Nelson Cruz,2016,Las Matas de Santa Cruz,,Dominican Republic,R,R,SEA,"Seattle, Washington","King, Washington",DH,2015,2018,4,57000000,35,SEA,AL,155,4.8,14250000.0,0,0,0,23,23,10
1311,285,"Nelson Cruz, 2017",Nelson Cruz,2017,Las Matas de Santa Cruz,,Dominican Republic,R,R,SEA,"Seattle, Washington","King, Washington",DH,2015,2018,4,57000000,36,SEA,AL,155,4.3,14250000.0,0,0,0,23,23,10
1312,285,"Nelson Cruz, 2018",Nelson Cruz,2018,Las Matas de Santa Cruz,,Dominican Republic,R,R,SEA,"Seattle, Washington","King, Washington",DH,2015,2018,4,57000000,37,SEA,AL,144,2.9,14250000.0,0,0,0,23,23,10
1336,289,"Sandy Alcantara, 2022",Sandy Alcantara,2022,Azua Province,,Dominican Republic,R,R,MIA,"Miami, Florida","Miami-Dade, Florida",SP,2022,2027,5,56000000,26,MIA,NL,32,7.8,3800000.0,1,0,0,14,14,1
1337,289,"Sandy Alcantara, 2023",Sandy Alcantara,2023,Azua Province,,Dominican Republic,R,R,MIA,"Miami, Florida","Miami-Dade, Florida",SP,2022,2027,5,56000000,27,MIA,NL,24,2.7,6300000.0,1,0,0,14,14,1
1371,298,"Ervin Santana, 2015",Ervin Santana,2015,"La Romana, Dominican Republic",,Dominican Republic,R,R,MIN,"Minneapolis, Minnesota","Hennepin, Minnesota",SP,2015,2019,4,55000000,32,MIN,AL,17,1.6,13500000.0,0,0,0,16,16,1
1372,298,"Ervin Santana, 2016",Ervin Santana,2016,"La Romana, Dominican Republic",,Dominican Republic,R,R,MIN,"Minneapolis, Minnesota","Hennepin, Minnesota",SP,2015,2019,4,55000000,33,MIN,AL,30,4.0,13500000.0,0,0,0,16,16,1
1373,298,"Ervin Santana, 2017",Ervin Santana,2017,"La Romana, Dominican Republic",,Dominican Republic,R,R,MIN,"Minneapolis, Minnesota","Hennepin, Minnesota",SP,2015,2019,4,55000000,34,MIN,AL,33,4.8,13500000.0,0,0,0,16,16,1
1374,298,"Ervin Santana, 2018",Ervin Santana,2018,"La Romana, Dominican Republic",,Dominican Republic,R,R,MIN,"Minneapolis, Minnesota","Hennepin, Minnesota",SP,2015,2019,4,55000000,35,MIN,AL,5,-0.6,13500000.0,0,0,0,16,16,1
1375,298,"Ervin Santana, 2019",Ervin Santana,2019,"La Romana, Dominican Republic",,Dominican Republic,R,R,MIN,"Minneapolis, Minnesota","Hennepin, Minnesota",SP,2015,2019,4,55000000,36,CHW,AL,3,-0.4,100000.0,0,0,0,16,5,1
1390,308,"Javier Vazquez, 2004",Javier Vazquez,2004,"Ponce, Puerto Rico",,Puerto Rico,R,R,NYY,The Bronx,"Bronx, New York",SP,2004,2007,4,54000000,27,NYY,AL,32,2.6,9000000.0,0,0,0,18,18,1
1391,308,"Javier Vazquez, 2005",Javier Vazquez,2005,"Ponce, Puerto Rico",,Puerto Rico,R,R,NYY,The Bronx,"Bronx, New York",SP,2004,2007,4,54000000,28,ARI,NL,33,2.0,11000000.0,1,0,0,18,0,1
1392,308,"Javier Vazquez, 2006",Javier Vazquez,2006,"Ponce, Puerto Rico",,Puerto Rico,R,R,NYY,The Bronx,"Bronx, New York",SP,2004,2007,4,54000000,29,CHW,AL,33,2.8,12000000.0,0,0,0,18,5,1
1393,308,"Javier Vazquez, 2007",Javier Vazquez,2007,"Ponce, Puerto Rico",,Puerto Rico,R,R,NYY,The Bronx,"Bronx, New York",SP,2004,2007,4,54000000,30,CHW,AL,32,6.2,12500000.0,0,0,0,18,5,1
1394,308,"Liam Hendriks, 2021",Liam Hendriks,2021,Perth,,Australia,R,R,CHW,"Chicago, Illinois","DuPage, Illinois",RP,2021,2024,3,54000000,32,CHW,AL,69,2.6,11333333.0,0,0,0,5,5,0
1395,308,"Liam Hendriks, 2022",Liam Hendriks,2022,Perth,,Australia,R,R,CHW,"Chicago, Illinois","DuPage, Illinois",RP,2021,2024,3,54000000,33,CHW,AL,58,1.7,13333334.0,0,0,0,5,5,0
1396,308,"Liam Hendriks, 2023",Liam Hendriks,2023,Perth,,Australia,R,R,CHW,"Chicago, Illinois","DuPage, Illinois",RP,2021,2024,3,54000000,34,CHW,AL,5,-0.1,14333333.0,0,0,0,5,5,0
1397,308,"Pedro Martinez, 2005",Pedro Martinez,2005,"Manoguayabo, Santo Domingo",,Dominican Republic,R,R,NYM,"Flushing, Queens","Queens, New York",SP,2005,2008,4,54000000,33,NYM,NL,31,7.0,10875000.0,1,0,0,17,17,1
1398,308,"Pedro Martinez, 2006",Pedro Martinez,2006,"Manoguayabo, Santo Domingo",,Dominican Republic,R,R,NYM,"Flushing, Queens","Queens, New York",SP,2005,2008,4,54000000,34,NYM,NL,23,1.0,14875000.0,1,0,0,17,17,1
1399,308,"Pedro Martinez, 2007",Pedro Martinez,2007,"Manoguayabo, Santo Domingo",,Dominican Republic,R,R,NYM,"Flushing, Queens","Queens, New York",SP,2005,2008,4,54000000,35,NYM,NL,5,0.6,14002234.0,1,0,0,17,17,1
1400,308,"Pedro Martinez, 2008",Pedro Martinez,2008,"Manoguayabo, Santo Domingo",,Dominican Republic,R,R,NYM,"Flushing, Queens","Queens, New York",SP,2005,2008,4,54000000,36,NYM,NL,20,-0.4,11813351.0,1,0,0,17,17,1
1411,313,"Avisail Garcia, 2022",Avisail Garcia,2022,Anaco,,Venezuela,R,R,MIA,"Miami, Florida","Miami-Dade, Florida",RF,2022,2026,4,53000000,31,MIA,NL,98,-1.1,12000000.0,1,0,0,14,14,9
1412,313,"Avisail Garcia, 2023",Avisail Garcia,2023,Anaco,,Venezuela,R,R,MIA,"Miami, Florida","Miami-Dade, Florida",RF,2022,2026,4,53000000,32,MIA,NL,32,-0.5,12000000.0,1,0,0,14,14,9
1421,315,"Salvador Perez, 2017",Salvador Perez,2017,"Valencia, Venezuela",,Venezuela,R,R,KCR,"Kansas City, Missouri","Jackson, Missouri",C,2017,2021,5,52500000,27,KCR,AL,129,2.5,4200000.0,0,0,0,11,11,2
1422,315,"Salvador Perez, 2018",Salvador Perez,2018,"Valencia, Venezuela",,Venezuela,R,R,KCR,"Kansas City, Missouri","Jackson, Missouri",C,2017,2021,5,52500000,28,KCR,AL,129,2.3,8700000.0,0,0,0,11,11,2
1423,315,"Salvador Perez, 2020",Salvador Perez,2020,"Valencia, Venezuela",,Venezuela,R,R,KCR,"Kansas City, Missouri","Jackson, Missouri",C,2017,2021,5,52500000,30,KCR,AL,37,2.1,14200000.0,0,0,0,11,11,2
1424,315,"Salvador Perez, 2021",Salvador Perez,2021,"Valencia, Venezuela",,Venezuela,R,R,KCR,"Kansas City, Missouri","Jackson, Missouri",C,2017,2021,5,52500000,31,KCR,AL,161,5.5,14200000.0,0,0,0,11,11,2
1425,318,"Jorge Posada, 2008",Jorge Posada,2008,"Santurce, San Juan, Puerto Rico",,Puerto Rico,S,R,NYY,The Bronx,"Bronx, New York",C,2008,2011,4,52400000,37,NYY,AL,51,0.2,13100000.0,0,2,0,18,18,2
1426,318,"Jorge Posada, 2009",Jorge Posada,2009,"Santurce, San Juan, Puerto Rico",,Puerto Rico,S,R,NYY,The Bronx,"Bronx, New York",C,2008,2011,4,52400000,38,NYY,AL,111,1.6,13100000.0,0,2,0,18,18,2
1427,318,"Jorge Posada, 2010",Jorge Posada,2010,"Santurce, San Juan, Puerto Rico",,Puerto Rico,S,R,NYY,The Bronx,"Bronx, New York",C,2008,2011,4,52400000,39,NYY,AL,120,1.3,13100000.0,0,2,0,18,18,2
1428,318,"Jorge Posada, 2011",Jorge Posada,2011,"Santurce, San Juan, Puerto Rico",,Puerto Rico,S,R,NYY,The Bronx,"Bronx, New York",C,2008,2011,4,52400000,40,NYY,AL,115,-0.4,13100000.0,0,2,0,18,18,2
1440,320,"Carlos Delgado, 2005",Carlos Delgado,2005,"Aguadilla, Puerto Rico",,Puerto Rico,L,R,MIA,"Miami, Florida","Miami-Dade, Florida",1B,2005,2009,4,52000000,33,FLA,NL,144,2.8,4000000.0,1,1,0,14,31,3
1441,320,"Carlos Delgado, 2006",Carlos Delgado,2006,"Aguadilla, Puerto Rico",,Puerto Rico,L,R,MIA,"Miami, Florida","Miami-Dade, Florida",2B,2005,2009,4,52000000,34,NYM,NL,144,2.7,13500000.0,1,1,0,14,17,4
1442,320,"Carlos Delgado, 2007",Carlos Delgado,2007,"Aguadilla, Puerto Rico",,Puerto Rico,L,R,MIA,"Miami, Florida","Miami-Dade, Florida",3B,2005,2009,4,52000000,35,NYM,NL,139,0.2,14500000.0,1,1,0,14,17,5
1449,320,"Daisuke Matsuzaka, 2007",Daisuke Matsuzaka,2007,Yokohama,,Japan,R,R,BOS,"Boston, Massachusetts","Suffolk, Massachusetts",SP,2007,2012,6,52000000,26,BOS,AL,32,4.1,6333333.0,0,0,0,3,3,1
1450,320,"Daisuke Matsuzaka, 2008",Daisuke Matsuzaka,2008,Yokohama,,Japan,R,R,BOS,"Boston, Massachusetts","Suffolk, Massachusetts",SP,2007,2012,6,52000000,27,BOS,AL,29,5.4,8333333.0,0,0,0,3,3,1
1451,320,"Daisuke Matsuzaka, 2009",Daisuke Matsuzaka,2009,Yokohama,,Japan,R,R,BOS,"Boston, Massachusetts","Suffolk, Massachusetts",SP,2007,2012,6,52000000,28,BOS,AL,12,0.4,8333333.0,0,0,0,3,3,1
1452,320,"Daisuke Matsuzaka, 2010",Daisuke Matsuzaka,2010,Yokohama,,Japan,R,R,BOS,"Boston, Massachusetts","Suffolk, Massachusetts",SP,2007,2012,6,52000000,29,BOS,AL,25,1.0,8333333.0,0,0,0,3,3,1
1453,320,"Daisuke Matsuzaka, 2011",Daisuke Matsuzaka,2011,Yokohama,,Japan,R,R,BOS,"Boston, Massachusetts","Suffolk, Massachusetts",SP,2007,2012,6,52000000,30,BOS,AL,8,-0.3,10333333.0,0,0,0,3,3,1
1454,320,"Daisuke Matsuzaka, 2012",Daisuke Matsuzaka,2012,Yokohama,,Japan,R,R,BOS,"Boston, Massachusetts","Suffolk, Massachusetts",SP,2007,2012,6,52000000,31,BOS,AL,11,-1.5,10000000.0,0,0,0,3,3,1
1455,320,"Hideki Matsui, 2006",Hideki Matsui,2006,"Nomi, Ishikawa",,Japan,L,R,NYY,The Bronx,"Bronx, New York",DH,2006,2009,4,52000000,32,NYY,AL,51,0.8,13000000.0,0,1,0,18,18,10
1456,320,"Hideki Matsui, 2007",Hideki Matsui,2007,"Nomi, Ishikawa",,Japan,L,R,NYY,The Bronx,"Bronx, New York",DH,2006,2009,4,52000000,33,NYY,AL,143,4.1,13000000.0,0,1,0,18,18,10
1457,320,"Hideki Matsui, 2008",Hideki Matsui,2008,"Nomi, Ishikawa",,Japan,L,R,NYY,The Bronx,"Bronx, New York",DH,2006,2009,4,52000000,34,NYY,AL,93,1.1,13000000.0,0,1,0,18,18,10
1458,320,"Hideki Matsui, 2009",Hideki Matsui,2009,"Nomi, Ishikawa",,Japan,L,R,NYY,The Bronx,"Bronx, New York",DH,2006,2009,4,52000000,35,NYY,AL,142,2.7,13000000.0,0,1,0,18,18,10
1478,320,"Ryan Dempster, 2009",Ryan Dempster,2009,Sechelt,,Canada,R,R,CHC,"Chicago, Illinois","Cook, Illinois",SP,2009,2012,4,52000000,32,CHC,NL,31,3.5,9000000.0,1,0,0,4,4,1
1479,320,"Ryan Dempster, 2010",Ryan Dempster,2010,Sechelt,,Canada,R,R,CHC,"Chicago, Illinois","Cook, Illinois",SP,2009,2012,4,52000000,33,CHC,NL,34,2.7,13500000.0,1,0,0,4,4,1
1480,320,"Ryan Dempster, 2011",Ryan Dempster,2011,Sechelt,,Canada,R,R,CHC,"Chicago, Illinois","Cook, Illinois",SP,2009,2012,4,52000000,34,CHC,NL,34,0.8,13500000.0,1,0,0,4,4,1
